"Species","Disturbance.Severity","Disturbance.Frequency","Grazing.Pressure","Mowing.Frequency","Soil.Disturbance","L","M","N","R","T","RC1","RC2","RC3","RC4"
"Abies alba",0.6958,0.0222,0.1952,0.0036,0.1067,3,6,6,5,5,-2.0522,0.4922,0.5111,-0.7487
"Acer campestre",0.6918,0.0398,0.1964,0.0117,0.1036,5,5,6,7,6,-1.7515,0.3836,0.3272,0.644
"Acer negundo",0.7223,0.4228,0.1811,0.1733,0.2385,6,6,7,7,6,-0.8831,0.7451,0.8887,0.5943
"Acer platanoides",0.6984,0.0461,0.1868,0.0123,0.1124,4,5,6,7,6,-1.9454,0.4987,0.424,0.6062
"Acer pseudoplatanus",0.687,0.0706,0.1834,0.022,0.1129,4,6,7,6,5,-1.8008,0.3962,0.8789,-0.1558
"Achillea aspleniifolia",0.4486,1.6549,0.3235,1.1058,0.1757,8,6,6,7,7,1.6275,-0.9564,0.4334,1.0152
"Achillea millefolium aggr.",0.5414,1.3136,0.2508,0.8112,0.3295,7.5,4.4167,5,5.6667,5,0.9658,0.1668,-0.0428,-0.773
"Achillea nobilis",0.5375,1.0419,0.3314,0.5537,0.1998,8,3,2,8,7,0.2493,-0.3709,-1.4253,1.0278
"Achillea pannonica",0.5173,1.1037,0.3004,0.6058,0.1726,8,3,3,8,7,0.3374,-0.4328,-1.025,1.1415
"Achillea ptarmica",0.5138,1.6023,0.2399,1.0437,0.2185,7,8,4,4,5,1.4579,-0.6279,0.5543,-1.6312
"Achillea setacea",0.5376,1.3218,0.3324,0.6508,0.2103,9,2,2,7,7,0.7295,-0.1716,-1.7703,0.5469
"Achillea styriaca",0.5912,0.1672,0.2028,0.055,0.1364,7,4,4,6,6,-1.1354,0.076,-0.6001,-0.1034
"Aconitum anthora",0.4925,0.4798,0.2389,0.1548,0.1135,7,4,4,7,7,-0.7561,-0.4862,-0.5919,0.8028
"Aconitum lycoctonum",0.6368,0.1163,0.1776,0.0186,0.0984,4,7,7,7,4,-1.7203,-0.151,1.3627,-0.0948
"Aconitum napellus aggr.",0.4652,0.5022,0.1839,0.0922,0.1004,6.5,7,7,6.5,3,-0.6909,-1.0203,1.3399,-0.7457
"Aconitum variegatum",0.5641,0.2967,0.1787,0.0952,0.0943,5,7,7,7,4,-1.2448,-0.5215,1.371,-0.0976
"Acorus calamus",0.2606,1.526,0.1158,0.5395,0.0972,8,10,7,7,6,1.1711,-2.1442,2.3958,0.5241
"Actaea spicata",0.6977,0.029,0.1822,0.0026,0.1016,3,5,7,6,5,-2.1415,0.6015,0.6976,-0.1517
"Adonis aestivalis",0.8239,1.8002,0.1595,0.5836,0.7891,8,3,5,8,7,1.2959,2.8284,-0.0249,0.5436
"Adonis vernalis",0.5052,0.8921,0.324,0.5894,0.1278,8,3,2,8,7,0.1193,-0.6892,-1.3931,1.1046
"Adoxa moschatellina",0.6893,0.0753,0.1814,0.0134,0.1035,4,6,8,7,5,-1.8379,0.3397,1.251,0.4544
"Aegonychon purpurocaeruleum",0.6858,0.0334,0.2072,0.0168,0.1002,5,4,4,8,7,-1.8682,0.3405,-0.386,1.2849
"Aegopodium podagraria",0.6461,0.2569,0.1779,0.1581,0.1559,6,6,8,7,5,-1.0393,0.1969,1.2224,0.4061
"Aesculus hippocastanum",0.7046,0.082,0.1858,0.0274,0.1295,4,5,7,6,6,-1.8382,0.7214,0.5519,0.2399
"Aethusa cynapium",0.8085,1.1077,0.1528,0.4807,0.6939,6,5.3333,7.3333,7,5,0.404,2.3901,1.1324,-0.3377
"Agrimonia eupatoria",0.541,0.8322,0.2419,0.6041,0.193,7,4,4,8,6,0.0077,-0.2919,-0.2314,0.7747
"Agropyron cristatum",0.5114,1.6916,0.3863,0.5543,0.2265,9,2,3,8,8,0.9325,-0.2885,-1.6631,1.5671
"Agrostis canina",0.3991,1.0542,0.2187,0.4369,0.169,7,9,2,3,5,0.5084,-1.2829,0.0335,-2.3247
"Agrostis capillaris",0.521,0.8638,0.299,0.5758,0.2949,7,4,4,4,5,0.2998,0.1366,-0.8867,-1.5727
"Agrostis gigantea",0.5777,1.0892,0.2002,0.538,0.3058,7,6,6,7,5,0.3954,0.0856,0.8416,-0.0447
"Agrostis stolonifera",0.4793,1.235,0.3458,0.4579,0.2176,7,7,4.5,5,5,0.5415,-0.8059,-0.0819,-0.9436
"Agrostis vinealis",0.4482,0.998,0.2987,0.272,0.2517,8,3,2,3,6,0.2038,-0.1039,-1.9044,-1.8557
"Ailanthus altissima",0.7568,0.3308,0.1939,0.1462,0.2805,7,5,7,7,8,-0.7979,1.2237,0.3425,1.4053
"Aira praecox",0.4122,1.5394,0.3444,0.4463,0.3753,8,3,2,2,6,1.0191,0.0874,-2.0762,-2.456
"Ajuga chamaepitys",0.6477,1.4722,0.3004,0.59,0.4244,8,3,4,8,8,0.8054,0.9136,-0.8747,1.3891
"Ajuga genevensis",0.5723,0.4187,0.244,0.3003,0.1749,7.5,3.5,2.5,7,6,-0.5929,-0.1189,-1.0358,0.1754
"Ajuga reptans",0.6253,0.2384,0.1894,0.1848,0.1646,5.75,5.75,4.75,4.75,5,-1.0349,0.2078,0.0791,-1.0782
"Alcea biennis",0.7286,1.1972,0.1783,0.935,0.2381,8,4,4,8,7,0.6805,0.6827,-0.0135,1.0784
"Alchemilla glabra",0.4213,1.1854,0.2226,0.3787,0.1858,6,5,6,6,4,0.044,-0.6955,0.5652,-0.8092
"Alchemilla glaucescens",0.4555,1.5673,0.2407,0.5934,0.2429,7.5,4.5,3.5,4.5,4,0.8661,-0.4475,-0.3905,-1.8742
"Alchemilla monticola",0.5019,1.6265,0.1731,1.0943,0.3383,6,5,4,6,5,1.2239,0.0239,0.4403,-0.9046
"Alchemilla subcrenata",0.5048,1.3437,0.1883,0.7544,0.252,7,5,6,5,4,0.7974,-0.1075,0.6238,-1.3738
"Alchemilla vulgaris aggr.",0.4907,1.2348,0.2093,0.6996,0.2681,7,5.5,6,6,3.5,0.7036,-0.3486,0.7874,-1.0926
"Alchemilla xanthochlora",0.5061,0.8631,0.2084,0.5063,0.239,6,7,4,7,4,0.0136,-0.6657,0.6799,-0.6405
"Alisma gramineum",0.3555,1.7127,0.1005,0.1233,0.1389,7,11,5,7,7,0.6224,-1.7105,2.0686,0.582
"Alisma lanceolatum",0.3505,1.4162,0.1317,0.1989,0.1418,7,10,7,7,7,0.499,-1.5233,2.1638,0.9011
"Alisma plantago-aquatica",0.3305,1.311,0.105,0.1833,0.1189,7,10,8,7,5,0.3925,-1.7165,2.662,0.2198
"Alliaria petiolata",0.6795,0.1495,0.1902,0.075,0.1282,5,5,8,7,6,-1.5287,0.5097,0.8709,0.8569
"Allium angulosum",0.5471,1.5769,0.2063,1.0439,0.1529,7,8,5,7,7,1.2399,-0.7113,1.1348,0.7649
"Allium carinatum",0.5357,0.5933,0.2571,0.4646,0.148,7,5,4,7,5,-0.2708,-0.5582,-0.1763,-0.0235
"Allium flavum",0.4473,0.8789,0.3201,0.2239,0.1773,8.5,2,1.5,7,7,-0.1161,-0.5666,-1.9829,0.5078
"Allium lusitanicum",0.4354,0.733,0.2872,0.1525,0.1629,8.5,2,2.5,6,7,-0.266,-0.4433,-1.7743,0.1472
"Allium oleraceum",0.5492,0.6876,0.2393,0.4756,0.2056,6,4,4,7,6,-0.3942,-0.0583,-0.3509,0.2779
"Allium rotundum",0.5358,1.1684,0.3276,0.5566,0.2205,7,4,4,8,7,0.2645,-0.3003,-0.6157,1.2256
"Allium scorodoprasum",0.5696,0.6774,0.1871,0.5664,0.2459,6,6,7,7,6,-0.1055,0.0923,1.0596,0.5505
"Allium sphaerocephalon",0.4998,1.0145,0.3523,0.3106,0.2232,8,3,3,8,8,0.0603,-0.3433,-1.4186,1.5522
"Allium ursinum",0.6921,0.0586,0.1821,0.0107,0.1025,2.5,6,8,7,6,-2.1495,0.4954,1.2516,0.8358
"Allium vineale",0.5584,1.042,0.2034,0.6681,0.3461,5.5,4,6.5,7,7,0.1788,0.629,0.4389,0.7717
"Alnus glutinosa",0.6477,0.2261,0.1806,0.0478,0.1113,5,9,7,6,5,-1.2387,-0.2373,1.5716,-0.1745
"Alopecurus aequalis",0.5659,1.5738,0.1592,0.092,0.2527,8.5,9,8.5,6,5,0.7128,-0.2794,2.0587,-0.2186
"Alopecurus geniculatus",0.4801,2.1103,0.5989,0.7399,0.2469,8,9,7,7,6,1.9017,-1.4725,0.3013,0.9486
"Alopecurus pratensis",0.5223,1.5165,0.2212,1.1339,0.2843,6.5,6,7,6,5,1.335,-0.1187,1.1662,-0.384
"Althaea officinalis",0.4755,1.4165,0.2267,0.544,0.1589,7,7,6,8,7,0.5807,-0.8758,1.0323,1.3841
"Alyssum alyssoides",0.541,1.4483,0.3354,0.3755,0.3036,9,3,3,8,6,0.6739,-0.1406,-1.1736,0.6282
"Alyssum montanum aggr.",0.4054,1.2593,0.3252,0.1888,0.2028,9,2,2,8,7,0.2567,-0.7772,-1.7252,0.9957
"Amaranthus blitum",0.8139,1.19,0.164,0.639,0.6872,8,4,8,7,7.5,0.9703,2.6666,0.6726,0.8161
"Amaranthus hybridus aggr.",0.8394,1.8403,0.1448,0.7638,0.7604,8,4,7,7,7.75,1.5999,2.9397,0.6208,0.6412
"Amaranthus retroflexus",0.8429,1.894,0.1331,0.7666,0.7531,8,4,8,7,7,1.6334,2.9489,0.9808,0.4579
"Amorpha fruticosa",0.6301,0.4841,0.192,0.1583,0.1937,7,5,7,7,7,-0.6802,0.3909,0.507,1.0622
"Anacamptis morio",0.5034,1.4147,0.2702,0.7925,0.2271,8,4,3,6,5,0.947,-0.4085,-0.6516,-0.7386
"Anacamptis palustris aggr.",0.4695,1.4577,0.2749,0.6479,0.1471,8,9,3,8,6,1.0037,-1.5793,0.642,0.6694
"Anacamptis pyramidalis",0.5399,0.8345,0.2952,0.5708,0.155,7,4,3,9,7,-0.1001,-0.5577,-0.6484,1.6292
"Anagallis arvensis",0.7871,1.3794,0.1961,0.4063,0.6368,6.5,5,6,7,6,0.5269,2.1014,0.4872,-0.0037
"Anagallis foemina",0.8009,1.4998,0.1911,0.4873,0.6454,7,4,6,8,7,0.7058,2.2696,0.3264,0.8659
"Anchusa officinalis",0.6774,1.4294,0.1966,0.7131,0.367,8,3,5,7,7,0.8078,1.104,-0.2301,0.5889
"Androsace elongata",0.543,1.6469,0.3372,0.5213,0.3093,9,2,3,7,7,0.9525,0.1724,-1.5442,0.5468
"Anemone nemorosa",0.6711,0.0909,0.1941,0.0487,0.1148,4,5,5,6,5,-1.833,0.3483,0.1369,-0.4013
"Anemone ranunculoides",0.6928,0.0582,0.1904,0.0114,0.1031,4,6,7,7,6,-1.8627,0.3594,0.8873,0.7424
"Anemone sylvestris",0.5199,0.7022,0.2827,0.4738,0.1166,6,3,3,8,7,-0.5679,-0.429,-0.9347,1.177
"Angelica palustris",0.5206,1.3796,0.2293,0.9103,0.1757,7,8,7,6,6,1.0837,-0.6445,1.4131,0.1564
"Angelica sylvestris",0.5589,0.5628,0.179,0.3612,0.1543,6.5,8,5,6,5,-0.3116,-0.5572,0.9394,-0.4889
"Anisantha sterilis",0.7281,0.7782,0.195,0.4608,0.4153,7,4,6,6,6,0.0067,1.4732,0.0616,-0.1829
"Anisantha tectorum",0.6596,1.3285,0.2262,0.5018,0.4825,8,3,5,8,6,0.6514,1.1546,-0.2323,0.5676
"Antennaria dioica",0.4089,0.8343,0.279,0.1271,0.1218,8,4,2,3,4,-0.1644,-0.8619,-1.4708,-2.5434
"Anthemis arvensis",0.8136,1.4862,0.1761,0.401,0.7043,7,4,6,5,6,0.7506,2.7328,0.0583,-1.039
"Anthemis cotula",0.7881,1.8688,0.1934,0.7135,0.6083,7,4.5,6,7,6,1.2284,2.0363,0.5286,0.0035
"Anthemis ruthenica",0.611,1.5739,0.2921,0.533,0.4187,8,3,4,4,7,0.9566,1.078,-1.244,-0.9258
"Anthericum ramosum",0.5347,0.4213,0.2581,0.2108,0.127,7,3,3,7,6,-0.8372,-0.2974,-1.0669,0.2965
"Anthoxanthum odoratum aggr.",0.4892,0.9882,0.2549,0.583,0.2594,7.1667,5.3333,3.3333,3.8333,4,0.4635,-0.3135,-0.4723,-2.174
"Anthriscus cerefolium",0.7011,0.2047,0.2058,0.124,0.1789,6,5,8,7,7,-1.1758,0.7325,0.6774,1.2403
"Anthriscus nitidus",0.6366,0.2252,0.1601,0.0834,0.1116,4,6,8,7.5,4,-1.6256,0.0474,1.5396,0.2325
"Anthriscus sylvestris",0.5697,0.6934,0.1594,0.5254,0.2705,7,5,8,7,5,0.0286,0.2766,1.19,0.2353
"Anthyllis vulneraria",0.4572,1.1855,0.3009,0.3843,0.177,8,4,3,7,5,0.2929,-0.839,-0.7888,-0.1676
"Apera interrupta",0.5655,2.3655,0.331,0.4644,0.4448,9,2,3,4,7,1.629,0.9255,-1.8072,-1.081
"Apera spica-venti",0.8509,1.97,0.122,0.3388,0.7884,6.5,5.5,6,4.5,6,1.0751,3.0584,0.6374,-1.4813
"Aphanes arvensis",0.7969,1.8323,0.1887,0.4612,0.7487,6.5,5.5,5,4,6,1.1443,2.6134,0.0962,-1.7197
"Aquilegia atrata",0.6201,0.1738,0.2142,0.1288,0.11,6,4,4,8,4,-1.3862,-0.1946,-0.1554,0.0676
"Aquilegia vulgaris",0.6359,0.1491,0.2063,0.0982,0.1154,6,5,5,7,5,-1.3287,-0.0143,0.1254,0.1102
"Arabidopsis arenosa",0.5614,0.3396,0.201,0.1178,0.174,8,4,2.5,6,5,-0.7008,-0.1526,-0.8814,-0.7447
"Arabidopsis halleri",0.5231,0.7688,0.1525,0.4766,0.2631,7.5,6,5,3.5,4,0.2758,0.0201,0.3571,-2.2222
"Arabidopsis petraea",0.5017,0.3327,0.1934,0.0589,0.1636,7,3,2,8,4,-1.0724,-0.5144,-0.8147,-0.2867
"Arabidopsis thaliana",0.7077,1.3652,0.2024,0.4043,0.6128,7,4,4,4,6,0.6614,2,-0.6337,-1.6461
"Arabis auriculata",0.5258,1.074,0.3354,0.1856,0.24,7,3,3,8,7,-0.2567,-0.1797,-1.2429,1.0914
"Arabis hirsuta aggr.",0.5397,0.547,0.2679,0.3252,0.1596,7.3333,4.2333,4.25,7.4333,5.8,-0.4285,-0.3928,-0.4199,0.5493
"Arctium lappa",0.705,0.6126,0.1709,0.4073,0.2766,8,5,8,7,6,-0.0738,0.8643,0.918,0.6929
"Arctium minus",0.6794,0.7355,0.1867,0.5039,0.2726,8.5,5,8,7,5,0.2371,0.6146,0.9627,0.3088
"Arctium nemorosum",0.6784,0.1717,0.1933,0.0746,0.1306,5,6,7,7,5,-1.4685,0.2408,0.9358,0.3184
"Arctium tomentosum",0.7055,1.0141,0.1595,0.7343,0.3413,7,5,8,8,5,0.4079,0.9026,1.3845,0.633
"Arenaria grandiflora",0.3826,1.2282,0.2919,0.1167,0.1266,9,2,2,9,7,0.0286,-1.1194,-1.4766,1.5111
"Arenaria leptoclados",0.6156,1.5013,0.3353,0.3774,0.3318,9,3,3,7,7,0.7142,0.4109,-1.3927,0.5367
"Arenaria serpyllifolia",0.5925,1.4807,0.2724,0.4449,0.4251,8,3.5,4,6.5,4.5,0.7497,0.5644,-0.5706,-0.7828
"Argentina anserina",0.5312,1.8045,0.412,0.6673,0.2749,7,6,7,7,6,1.1349,-0.418,0.3258,0.7199
"Aristolochia clematitis",0.662,0.3518,0.1846,0.182,0.2153,6,5,7,7,7,-0.9484,0.6431,0.5693,1.0276
"Armeria maritima",0.4612,1.6645,0.3794,0.2636,0.2759,7,3,3,5,6,0.4491,-0.2164,-1.573,-0.7731
"Armoracia rusticana",0.7141,1.4036,0.1509,0.6417,0.4349,8,5.5,8.5,7,6,0.9621,1.286,1.4156,0.4993
"Arnica montana",0.4269,0.8271,0.2765,0.1707,0.1395,8,5,3,3,4,-0.0339,-0.8242,-0.9836,-2.4385
"Arnoseris minima",0.7345,2.0246,0.1508,0.2527,0.707,8,4,3,3,6,1.2324,2.4389,-0.7992,-2.444
"Arrhenatherum elatius",0.5294,1.1288,0.1691,0.8246,0.3068,7.5,5,7,7,5,0.8342,0.0816,1.0467,0.0501
"Artemisia absinthium",0.7069,1.2287,0.1692,0.7723,0.3423,8,4,7,7,6,0.7567,1.0937,0.6538,0.4526
"Artemisia austriaca",0.5647,1.3476,0.341,0.6236,0.238,8,2,4,7,8,0.5717,0.2339,-1.3597,1.1733
"Artemisia campestris",0.4783,1.3359,0.2928,0.4711,0.2817,8,2,3,6,7,0.5278,0.0593,-1.478,0.0437
"Artemisia pontica",0.5535,0.924,0.3106,0.6115,0.1586,9,3,4,8,7,0.3888,-0.3308,-0.9222,1.3354
"Artemisia vulgaris",0.7046,1.2168,0.1601,0.6245,0.3952,7,5.5,8,6,6,0.5989,1.2492,1.1644,0.0118
"Arum cylindraceum",0.6928,0.0515,0.1896,0.0094,0.1033,3,6,8,7,5,-2.0591,0.3909,1.2718,0.4497
"Arum maculatum",0.6932,0.0544,0.1856,0.011,0.1038,3,6,8,7,6,-2.0499,0.4735,1.2065,0.8478
"Aruncus dioicus",0.6864,0.0725,0.1695,0.0116,0.1031,4,6,8,7,4.5,-1.8474,0.3083,1.3396,0.2383
"Asarum europaeum",0.6901,0.061,0.1874,0.0163,0.1027,3,5,6,7,5,-2.1425,0.4124,0.5709,0.1943
"Asclepias syriaca",0.6216,1.4535,0.2177,0.7836,0.2429,8,5,6,7,7,0.9431,0.2703,0.4462,0.8601
"Asparagus officinalis",0.5331,0.767,0.2492,0.3698,0.1913,6.5,3,4,7,6.5,-0.4192,-0.0205,-0.704,0.5117
"Asperula cynanchica",0.4817,1.0602,0.3153,0.4734,0.1535,7.5,3,3,8,7,0.075,-0.6167,-1.0887,1.1678
"Asperula tinctoria",0.5345,0.4986,0.2742,0.2939,0.1308,6,4,3,8,6,-0.8481,-0.5087,-0.6791,0.7578
"Asplenium ruta-muraria",0.4832,0.3399,0.2077,0.055,0.1249,8,3,2.5,8,5,-0.8852,-0.6675,-0.8833,0.2551
"Asplenium septentrionale",0.3942,0.5642,0.2024,0.0884,0.152,8,2.5,2,2,6,-0.4147,-0.2576,-1.8574,-2.3118
"Asplenium trichomanes",0.6156,0.1358,0.1906,0.0365,0.1121,4.8,4.5,3.1667,5.8,5,-1.663,0.0702,-0.4605,-0.7305
"Aster amellus",0.5159,0.6683,0.2805,0.4089,0.1178,8,3,3,8,6,-0.2651,-0.6047,-0.9871,0.8049
"Astragalus asper",0.5143,1.134,0.3658,0.9622,0.1722,8,2,4,7,8,0.7775,-0.215,-1.3776,1.2865
"Astragalus austriacus",0.487,1.744,0.3779,0.7965,0.1578,8,3,3,9,7,0.9917,-0.847,-1.0367,1.6749
"Astragalus cicer",0.6233,1.0734,0.1994,0.7809,0.2152,7,4,4,8,6,0.2996,0.1493,0.0079,0.6973
"Astragalus danicus",0.4901,1.3421,0.3065,0.6756,0.1764,8,4,4,8,7,0.6923,-0.6402,-0.5085,1.2465
"Astragalus exscapus",0.475,1.0984,0.3331,0.5341,0.1489,9,2,3,9,7,0.3806,-0.7227,-1.3317,1.6955
"Astragalus glycyphyllos",0.6392,0.1811,0.207,0.1402,0.1306,6,4,4,7,6,-1.3171,0.1941,-0.418,0.3729
"Astragalus onobrychis",0.4962,1.3873,0.3467,0.5533,0.196,8,2,2,9,7,0.4279,-0.541,-1.5235,1.4963
"Astrantia major",0.5784,0.328,0.1981,0.1971,0.144,5,6,6,7,4,-1.1297,-0.28,0.844,-0.2517
"Athyrium distentifolium",0.534,0.1883,0.1821,0.0125,0.0849,5,6,6,5,3,-1.4164,-0.4593,0.6845,-1.5548
"Athyrium filix-femina",0.6773,0.086,0.1866,0.0184,0.1067,3,6.5,6,5,5,-1.9454,0.3576,0.6821,-0.7698
"Atriplex oblongifolia",0.8017,1.3312,0.145,0.8214,0.5888,8,4,6,7,7,1.1023,2.2111,0.402,0.4327
"Atriplex patula",0.809,1.6261,0.1566,0.664,0.6835,6.5,5,7,7,6,1.0257,2.4059,0.9917,0.0133
"Atriplex prostrata",0.5718,1.2359,0.2825,0.1638,0.3284,8,7,8,7,7,0.4566,0.0918,0.9171,1.0912
"Atriplex sagittata",0.8181,1.5323,0.131,0.847,0.6277,9,5,7,7,7,1.5795,2.2651,0.9042,0.5013
"Atriplex tatarica",0.7296,1.7618,0.1807,0.563,0.581,9,3.5,6,7,7,1.3468,1.8714,0.103,0.4574
"Atropa bella-donna",0.6945,0.1095,0.189,0.0687,0.1361,6,5,8,7,5,-1.374,0.4735,0.8845,0.4658
"Aurinia saxatilis",0.4077,0.7246,0.2487,0.0986,0.1759,9,1,2,6,7,-0.2746,-0.3691,-2.0136,0.0304
"Avena fatua",0.854,1.7515,0.1358,0.4449,0.7942,7,5,7,7,6,1.0625,2.9176,0.9776,-0.1301
"Avenella flexuosa",0.6094,0.1981,0.2225,0.0414,0.1425,6,5,3,2,5,-1.1645,0.3092,-1.047,-2.5332
"Avenula pubescens",0.4934,1.6606,0.1882,1.0638,0.2899,6,3.5,4,6,6,1.0718,0.1162,-0.0446,-0.4251
"Ballota nigra",0.7258,0.8084,0.1776,0.5663,0.3142,7.5,5,8,7,6,0.1695,1.0485,0.9899,0.6415
"Barbarea stricta",0.5802,0.7809,0.175,0.4391,0.2056,8,7,7,7,6,0.2158,-0.1864,1.2052,0.603
"Barbarea vulgaris",0.6282,1.1101,0.2075,0.4672,0.3157,8,6,6,6,6,0.535,0.4346,0.5151,-0.0924
"Bassia laniflora",0.481,1.1357,0.2586,0.4387,0.3689,9,2,2,5,8,0.6808,0.4392,-1.9038,-0.2619
"Bassia prostrata",0.5017,1.9277,0.4108,0.4472,0.2558,9,2,3,8,8,1.031,-0.2819,-1.7528,1.5441
"Bellis perennis",0.5128,1.5167,0.47,0.9896,0.3594,8,5,6,5,5,1.6348,-0.2131,-0.5714,-0.7396
"Berberis vulgaris",0.6397,0.1487,0.2077,0.0339,0.108,7,4,3.5,8,6,-1.3294,-0.0305,-0.5101,0.8264
"Berteroa incana",0.6477,1.2586,0.2142,0.7599,0.3216,9,3,4,6,6,0.9279,0.7513,-0.6462,-0.3198
"Berula erecta",0.312,1.3298,0.1416,0.1995,0.0843,7,10,6,8,6,0.3494,-2.0771,2.0923,0.9176
"Betula pendula",0.6826,0.1411,0.2008,0.0414,0.1714,7,5,3,4,5,-1.1089,0.4792,-0.8039,-1.6107
"Betula pubescens",0.6202,0.2159,0.1814,0.0457,0.1602,7.25,7.25,2.75,2.75,4.5,-0.7878,-0.0327,-0.3612,-2.4717
"Bidens cernua",0.4922,1.5927,0.2629,0.2335,0.1768,8,9,8,7,6,0.7613,-0.9882,1.666,0.7826
"Bidens radiata",0.7472,1.8877,0.1879,0.0375,0.3495,8,9,8,5,6,0.7554,0.8484,1.6251,-0.4248
"Bidens tripartita",0.6077,1.222,0.2249,0.2507,0.2861,8,9,8,6,6,0.5813,-0.051,1.5904,0.1894
"Biscutella laevigata",0.426,0.6661,0.2588,0.105,0.1255,8,3,2,7,5,-0.5075,-0.921,-1.2479,-0.2549
"Bistorta officinalis",0.4974,0.9936,0.1862,0.5411,0.1792,7,7,5,5,4,0.3401,-0.6394,0.7456,-1.4121
"Blitum bonus-henricus",0.5989,1.3206,0.2306,0.6671,0.2697,8,5,9,7,5,0.8256,0.2596,1.2269,0.4296
"Blysmus compressus",0.3432,1.8928,0.2888,0.8696,0.0911,8,8,3,8,5,1.5301,-2.236,0.6157,0.2977
"Bolboschoenus maritimus aggr.",0.3998,1.8565,0.2536,0.2738,0.161,8,9.9,6.7,7.9,6.1,1.0588,-1.6805,1.786,1.0472
"Bothriochloa ischaemum",0.505,1.2956,0.3704,0.5838,0.1952,9,3,3,8,7,0.7132,-0.5814,-1.3395,1.2021
"Botrychium lunaria",0.3605,1.5044,0.2985,0.1723,0.1561,8,4,2,5,5,0.3841,-1.1373,-1.2457,-1.2655
"Botrychium matricariifolium",0.5318,0.678,0.213,0.5431,0.2954,7,4,2,3.5,4,0.0685,0.19,-1.0473,-2.5603
"Brachypodium pinnatum",0.5522,0.534,0.2567,0.4099,0.1307,6,4,4,7,6,-0.6698,-0.2696,-0.457,0.394
"Brachypodium rupestre",0.5988,0.3048,0.2475,0.1837,0.1236,6.5,3.5,3,7,5.5,-1.0904,-0.1052,-0.8815,0.0945
"Brachypodium sylvaticum",0.6819,0.0895,0.1987,0.0299,0.1092,4,5,7,6,5,-1.8372,0.4789,0.5926,-0.13
"Brassica nigra",0.7257,1.2795,0.1633,0.6591,0.5021,8,6,7,8,7,0.964,1.3275,1.1335,1.1316
"Briza media",0.4822,1.4649,0.232,0.9984,0.2101,8,5,2.5,5,5,1.2819,-0.5708,-0.4348,-1.3145
"Bromopsis erecta",0.5192,0.8792,0.2808,0.5765,0.1739,8,3,4,8,5,0.1489,-0.476,-0.5891,0.4544
"Bromopsis inermis",0.6225,1.1461,0.1971,0.7294,0.2302,8,4,5.5,8,6,0.5374,0.2247,0.3151,0.8821
"Bromopsis ramosa aggr.",0.6931,0.0455,0.1881,0.0189,0.1065,5,5,6,7,5.3333,-1.7449,0.3597,0.4176,0.3616
"Bromus commutatus",0.5847,1.4598,0.2579,0.829,0.3025,7,4,5,7,7,0.851,0.353,-0.1135,0.6949
"Bromus hordeaceus",0.5514,1.7543,0.2789,0.9523,0.3988,7.5,5,4,6,6,1.5329,0.2381,-0.1969,-0.416
"Bromus japonicus",0.6454,1.2741,0.2846,0.5909,0.3845,8,4,5,8,7,0.6889,0.6643,-0.2845,1.1487
"Bromus racemosus",0.5379,1.4253,0.2268,1.0682,0.2827,6.5,8,5,5.5,6,1.3006,-0.3233,0.9431,-0.4677
"Bromus squarrosus",0.5666,1.3567,0.3164,0.4357,0.3001,9,3,3,8,8,0.6554,0.1278,-1.2664,1.4281
"Bryonia alba",0.686,0.45,0.2,0.237,0.2012,7,5,7,7,6,-0.6643,0.5485,0.558,0.6735
"Buglossoides arvensis aggr.",0.797,1.5687,0.1755,0.4127,0.704,6,4,5,7,6,0.554,2.4634,0.15,-0.248
"Bunias orientalis",0.6736,1.4038,0.1522,1.0628,0.3292,7,5,7,7,6,1.0729,0.8289,1.1384,0.4079
"Buphthalmum salicifolium",0.5598,0.3506,0.2337,0.2138,0.1158,8,4,3,8,5,-0.7058,-0.5461,-0.6067,0.3707
"Bupleurum affine",0.5926,0.5637,0.2735,0.3665,0.1746,8,3,4,8,7,-0.361,0.0101,-0.8582,1.2865
"Bupleurum falcatum",0.5043,0.7036,0.276,0.3852,0.122,6,3,3,8,6,-0.6527,-0.5331,-0.8475,0.7554
"Bupleurum tenuissimum",0.45,1.6613,0.4848,0.2906,0.23,9,7,4,8,6,1.0455,-1.446,-0.5592,0.9666
"Butomus umbellatus",0.2722,1.7088,0.0777,0.1685,0.0708,6.5,10,7,7,6,0.5154,-2.0099,2.5654,0.4667
"Calamagrostis arundinacea",0.6684,0.0799,0.1975,0.0248,0.1201,5,5,5,4,5,-1.5918,0.4939,-0.1937,-1.3323
"Calamagrostis canescens",0.4601,0.551,0.1438,0.2322,0.1304,6,9,5,5,5,-0.416,-0.9781,1.2089,-1.0107
"Calamagrostis epigejos",0.5638,0.5997,0.2131,0.2676,0.2189,7,5,6,6,5,-0.3695,0.0414,0.2864,-0.3692
"Calamagrostis pseudophragmites",0.5556,1.2065,0.2318,0.2067,0.2506,8,7,4,8,5,0.2602,-0.5734,0.4678,0.2672
"Calamagrostis villosa",0.5933,0.1286,0.1919,0.0255,0.0986,5,6,4,2,4,-1.4109,0.0633,-0.315,-2.8166
"Calla palustris",0.4106,0.5755,0.1076,0.0874,0.1058,6,10,5,6,5,-0.528,-1.4166,1.69,-0.5715
"Callitriche palustris",0.5885,1.462,0.1311,0.0338,0.2562,6,11,5,5,5,0.1421,-0.3716,1.7757,-1.2224
"Calluna vulgaris",0.4934,0.4613,0.2541,0.1002,0.1608,8,5,1,1,5,-0.3698,-0.2837,-1.8096,-3.2517
"Caltha palustris",0.5029,0.7678,0.182,0.4065,0.1242,6.4,9,6,4.8,4.8,-0.0081,-0.8611,1.3412,-1.0034
"Calystegia sepium",0.5295,0.8616,0.1656,0.4524,0.2079,7,7,8,7,6,0.1523,-0.2724,1.5746,0.6855
"Camelina microcarpa",0.6902,1.6415,0.2397,0.5888,0.4979,7,4,5,8,6,0.8197,1.1963,0.0749,0.5277
"Camelina sativa",0.7217,1.4094,0.2181,0.8042,0.6098,7,4,5,7,7,1.056,1.8248,-0.047,0.3316
"Campanula bononiensis",0.5639,0.4253,0.2566,0.3157,0.1236,7,3,3,8,6,-0.783,-0.2919,-0.9133,0.7778
"Campanula cervicaria",0.5959,0.2755,0.22,0.2182,0.1397,6,5,4,7,6,-1.0409,-0.1256,-0.1894,0.359
"Campanula glomerata",0.5141,0.8316,0.2408,0.6142,0.1738,7,4,3.5,7,6,0.0422,-0.3836,-0.4591,0.2523
"Campanula patula aggr.",0.5244,0.8894,0.1571,0.7144,0.3079,7,5,5,6,5,0.4482,0.1128,0.4469,-0.6896
"Campanula persicifolia",0.6584,0.1059,0.2025,0.0804,0.1219,5,4,5,7,6,-1.6506,0.366,-0.133,0.4971
"Campanula rapunculoides",0.6616,0.2299,0.1904,0.1586,0.2118,6,5,6,7,6,-1.083,0.5012,0.3594,0.5149
"Campanula rotundifolia",0.4987,0.6883,0.2466,0.3684,0.2012,7,3.8333,2.5,4.8333,5.0833,-0.2399,-0.2424,-1.0507,-1.2891
"Campanula scheuchzeri",0.3958,0.6386,0.2445,0.0979,0.1216,7.75,4.5,2.25,2.5,2.5,-0.3379,-0.9607,-1.1187,-3.3901
"Campanula sibirica",0.4602,1.1885,0.3269,0.4105,0.1584,8,2,3,8,8,0.1664,-0.5189,-1.4702,1.58
"Campanula trachelium",0.6824,0.0684,0.1897,0.0335,0.1081,4,6,7.5,7.5,5,-1.8281,0.2343,1.1647,0.631
"Cannabis sativa",0.8192,0.9517,0.1364,0.6684,0.6116,7,6,7,6,7,0.6623,2.304,0.9597,0.0542
"Capsella bursa-pastoris",0.7741,1.7911,0.2119,0.6478,0.6592,7,5,6.5,6,5,1.259,2.0801,0.6131,-0.8436
"Cardamine amara",0.5213,0.5371,0.1451,0.1487,0.1201,6.25,9,4.875,5.75,4.5,-0.5732,-0.8799,1.2519,-0.8447
"Cardamine bulbifera",0.6968,0.0213,0.19,0.0056,0.1018,3,5,6,6,5,-2.1564,0.5324,0.4248,-0.2707
"Cardamine flexuosa",0.5855,0.2895,0.1819,0.1078,0.1303,5,7,6,5,5,-1.1533,-0.1264,0.7785,-0.801
"Cardamine hirsuta",0.5977,0.6459,0.229,0.2882,0.3232,6,5,6,5,6,-0.362,0.6602,0.0668,-0.5502
"Cardamine impatiens aggr.",0.68,0.1031,0.1799,0.0377,0.1107,4.5,6,7.5,7,5,-1.6817,0.2694,1.1197,0.3852
"Cardamine matthioli",0.4736,1.2998,0.175,0.7282,0.1754,7,8.5,3.5,4.5,5,0.8635,-0.9211,0.7467,-1.4807
"Cardamine parviflora",0.4617,1.1576,0.3319,0.4798,0.1393,7,7,6,7,6,0.3879,-1.1126,0.5097,0.6729
"Cardamine pratensis",0.5061,0.9954,0.3166,0.6724,0.2233,5.5,7,5,5,5,0.2982,-0.5467,0.2579,-0.9224
"Cardamine trifolia",0.6921,0.03,0.1874,0.0037,0.1008,3,6,7,7,4,-2.1076,0.2585,1.1169,-0.0811
"Carduus acanthoides",0.7171,1.3894,0.1803,0.8645,0.3767,9,4,7,8,6,1.1778,1.0548,0.7206,0.909
"Carduus crispus",0.6226,0.7927,0.1808,0.4903,0.2456,6.5,6,9,6.5,5.5,-0.0217,0.4163,1.5007,0.3713
"Carduus defloratus aggr.",0.4745,0.5152,0.2542,0.1383,0.1241,6.6667,4,4,8.6667,5,-0.8457,-0.8462,-0.2577,0.7794
"Carduus nutans",0.6059,1.2395,0.2805,0.6006,0.2737,8,4,6,8,6,0.5736,0.1841,0.0774,0.9881
"Carduus personata",0.5555,0.4639,0.168,0.124,0.1206,7,7,8,7,4,-0.642,-0.5192,1.5711,0.0097
"Carex acuta",0.3923,1.2228,0.1744,0.6335,0.1266,7,9,6,6,5,0.7472,-1.4572,1.641,-0.4079
"Carex acutiformis",0.4881,0.6131,0.1626,0.346,0.1228,6.5,9,5,7,5,-0.2413,-1.1443,1.3888,-0.0225
"Carex alba",0.674,0.0507,0.1963,0.0185,0.0995,5,4,4,8,5,-1.8618,0.1593,-0.1711,0.4619
"Carex appropinquata",0.4485,0.7836,0.1482,0.361,0.1247,8,9,4,7,5,0.2102,-1.4121,1.1598,-0.1648
"Carex bohemica",0.7286,1.8776,0.1792,0.0322,0.3401,8,8,6,6,5,0.6076,0.6215,1.1555,-0.6102
"Carex brizoides",0.6442,0.2413,0.187,0.1422,0.13,5.5,5.5,3,3,5.5,-1.1848,0.3565,-0.6458,-1.8945
"Carex buekii",0.5104,0.9104,0.1371,0.675,0.1254,8,8,6,7,5,0.5529,-0.9242,1.5501,0.0889
"Carex buxbaumii",0.3125,1.3149,0.1378,0.4801,0.1242,7,8,3,7,5,0.5517,-1.8421,0.9506,-0.3804
"Carex canescens",0.3703,0.6646,0.1417,0.2135,0.1547,7,9,2,3,4,-0.0327,-1.3657,0.3029,-2.7846
"Carex caryophyllea",0.483,1.2305,0.2999,0.6725,0.1837,8,4,2.5,6,6,0.6593,-0.5957,-1.0289,-0.3061
"Carex cespitosa",0.52,0.7089,0.1705,0.47,0.1226,6,9,5,7,5,-0.1669,-1.0148,1.4309,-0.0213
"Carex cuprina",0.4872,1.1023,0.3873,0.5664,0.1405,8,8,6,8,6,0.678,-1.3818,0.5916,1.2336
"Carex davalliana",0.3112,1.5164,0.1528,0.8635,0.0604,9,9,2,8,5,1.4528,-2.4735,1.0396,0.0714
"Carex demissa",0.2861,1.4208,0.1929,0.4033,0.1522,8,9,2,4,5,0.9662,-1.9043,0.2874,-1.8947
"Carex diandra",0.2158,1.2567,0.112,0.2226,0.1742,8,9,3,5,6,0.7134,-1.9562,0.8307,-1.0145
"Carex digitata",0.6901,0.0281,0.1949,0.0082,0.1047,3.5,5,5,6,5,-2.0534,0.4266,0.1374,-0.3899
"Carex distans",0.4757,1.4006,0.3804,0.4034,0.1702,8.5,6.5,5,8,6,0.7328,-1.2002,0.0046,1.0542
"Carex disticha",0.4513,1.7344,0.2657,0.858,0.1573,8,9,5.5,7.5,6,1.5134,-1.4533,1.331,0.7105
"Carex echinata",0.3362,0.9195,0.1738,0.3759,0.1493,7,8,3,3,5,0.3206,-1.3236,0.2007,-2.2252
"Carex elata",0.3733,0.7537,0.1337,0.2983,0.1165,7.5,10,5,6,5,0.1911,-1.6765,1.5947,-0.5438
"Carex elongata",0.6375,0.2492,0.16,0.0373,0.0934,4,9,6,6,5,-1.4747,-0.3008,1.4794,-0.329
"Carex ericetorum",0.5557,0.3184,0.2341,0.0565,0.1807,5.5,4,2,4,5,-1.2013,0.0886,-1.2547,-1.7658
"Carex filiformis",0.5087,1.0914,0.2399,0.9363,0.1624,7,6.5,4,8.5,6,0.6888,-0.9364,0.5719,1.008
"Carex flacca",0.5473,0.4909,0.2763,0.3644,0.1538,7,6,3.5,8,5,-0.4247,-0.7759,-0.0681,0.4056
"Carex flava",0.3781,1.2465,0.1795,0.664,0.1107,8,9,2.5,7.5,5,0.8837,-1.9538,0.9222,-0.1116
"Carex fritschii",0.6095,0.2191,0.24,0.1569,0.1261,6,4,4,5,7,-1.1654,0.2752,-0.8614,-0.133
"Carex hartmaniorum",0.4791,1.6856,0.2173,1.1401,0.1402,7,7.5,3,5,5.5,1.4633,-1.0059,0.4334,-1.034
"Carex hirta",0.5227,1.2997,0.321,0.8559,0.2441,7,6,5,6,6,0.9338,-0.4109,0.0585,-0.0499
"Carex hostiana",0.3055,1.6834,0.1747,0.9037,0.0746,8,9,2,7,5,1.4758,-2.3526,0.9275,-0.4212
"Carex humilis",0.5144,0.5406,0.3026,0.2347,0.1442,7,2,3,8,6,-0.7644,-0.3654,-1.3238,0.7979
"Carex lasiocarpa",0.248,0.9188,0.1066,0.1909,0.1603,9,9,2.5,4,4,0.6067,-1.9694,0.6378,-2.3028
"Carex lepidocarpa",0.2691,1.5883,0.1389,0.6328,0.0843,9,9,2,8,5,1.3118,-2.5402,1.0497,0.0127
"Carex leporina",0.5231,1.1242,0.3185,0.7798,0.2406,7,7,3.5,3,4,0.8443,-0.479,-0.3207,-2.4622
"Carex melanostachya",0.5845,1.0803,0.1847,0.7004,0.1668,7,8,6,7,6,0.5035,-0.4642,1.3484,0.4883
"Carex michelii",0.592,0.2965,0.2465,0.248,0.107,6,3.5,4,7,6.5,-1.1163,-0.0307,-0.6677,0.6356
"Carex montana",0.611,0.234,0.2267,0.2037,0.1198,5,4,3.5,6.5,5,-1.3884,0.0096,-0.5016,-0.3214
"Carex muricata",0.6277,0.2274,0.205,0.1747,0.173,6.5,4.5,5.5,5.5,5.5,-0.9759,0.3587,-0.0923,-0.3948
"Carex nigra",0.406,1.1153,0.2431,0.4751,0.1753,8,8,2,3,5,0.74,-1.1904,-0.3381,-2.2823
"Carex ornithopoda",0.5025,0.3618,0.235,0.0958,0.1077,6.5,4.25,3,9,3,-1.1136,-0.9991,-0.1918,0.008
"Carex pallescens",0.5322,0.7502,0.1978,0.6111,0.2326,7,6,4,4,5,0.2545,-0.1115,-0.0191,-1.626
"Carex pallidula",0.5852,0.5676,0.1885,0.3308,0.204,4,5,6,6,5,-0.9726,0.2694,0.5741,-0.4271
"Carex panicea",0.3929,1.5834,0.2216,0.691,0.1539,8,8,4,6,5,1.2117,-1.4846,0.7524,-0.6418
"Carex paniculata",0.422,0.7237,0.1351,0.3396,0.1024,7,9,4.5,6.5,5,-0.039,-1.4335,1.3243,-0.3459
"Carex pendula",0.6674,0.1841,0.1866,0.0526,0.1069,5,8,6,7,6,-1.3913,-0.1159,1.1057,0.5978
"Carex pilosa",0.6967,0.0154,0.1972,0.0068,0.1043,3,5,6,7,5,-2.1846,0.4308,0.5191,0.2089
"Carex pilulifera",0.6087,0.2684,0.2666,0.1252,0.1664,5.5,5,3,3,5,-1.1044,0.223,-1.0371,-2.0462
"Carex praecox",0.573,0.9188,0.2405,0.6558,0.2152,8,4,4,6,6,0.3858,0.0404,-0.515,-0.1812
"Carex pulicaris",0.3675,1.6034,0.2701,0.6399,0.1497,8,9,2,4,4,1.2934,-1.7963,0.1373,-2.1977
"Carex remota",0.6572,0.1694,0.185,0.036,0.1114,3,8,7,6,5,-1.7622,0.0353,1.4255,-0.1924
"Carex riparia",0.3721,0.8026,0.1505,0.4439,0.1131,6,9,7,7,6,0.0355,-1.4335,1.9595,0.5919
"Carex rostrata",0.2681,1.0658,0.1195,0.2796,0.1401,8.5,10,3,3,4,0.7672,-1.9646,0.8927,-2.6936
"Carex secalina",0.4833,2.0887,0.6083,1.0354,0.148,8,7,6,7,6.5,1.9418,-1.5106,-0.3895,1.1592
"Carex spicata",0.5674,0.6417,0.2152,0.559,0.2662,7,5,5,6,5,0.0299,0.1036,0.12,-0.5478
"Carex stenophylla",0.5124,1.7076,0.3848,0.3615,0.2926,9,2,2,6,7,0.8554,-0.0165,-2.1256,0.0097
"Carex supina",0.497,1.3735,0.4023,0.7946,0.1893,9,2,2,7,7,0.965,-0.5169,-1.9883,0.6456
"Carex sylvatica",0.6853,0.0638,0.1923,0.0278,0.1098,3,6,6,6,5,-2.0153,0.3619,0.6633,-0.2872
"Carex umbrosa",0.5534,0.304,0.2118,0.1607,0.1118,4.5,5.5,4,5.5,5,-1.3123,-0.2824,-0.0511,-0.772
"Carex vesicaria",0.3865,0.9558,0.1547,0.4865,0.1145,7,9,5,6,4.5,0.3632,-1.5549,1.435,-0.7317
"Carex viridula",0.3571,1.5296,0.281,0.3176,0.168,7.75,8.75,2,7,4,0.7604,-2.0201,0.3179,-0.7878
"Carex vulpina",0.4584,1.2545,0.3079,0.7408,0.1248,8.5,8,5.5,6,6,1.1075,-1.2966,0.5984,0.1375
"Carlina acaulis",0.4704,1.0593,0.2704,0.487,0.1717,8.5,4,2.5,5,5,0.4457,-0.6154,-1.0599,-1.1884
"Carlina vulgaris aggr.",0.5184,0.9072,0.2906,0.5665,0.1532,7.5,4,3,6.9167,4.0833,0.1081,-0.6819,-0.6614,-0.5381
"Carpinus betulus",0.695,0.0334,0.1955,0.0129,0.1089,4,5,5,6,6,-1.9366,0.5056,0.0236,0.0188
"Carum carvi",0.5043,1.6217,0.2615,1.0376,0.3396,8,5,6,6,4.5,1.623,-0.1221,0.47,-0.7083
"Castanea sativa",0.7035,0.0322,0.201,0.0076,0.1179,5,5,4,4,8,-1.6769,0.7953,-0.7171,-0.234
"Caucalis platycarpos",0.7364,1.3188,0.2128,0.4788,0.5942,7,4,5,8,7,0.5601,1.7833,-0.0121,0.8221
"Centaurea jacea",0.511,1.3302,0.2046,1.0466,0.2735,7.5,4.8333,3.8333,6.5,6,1.1633,-0.1895,0.0662,-0.1257
"Centaurea oxylepis",0.497,2.0435,0.1719,1.3716,0.2814,7,5,4,5,6,1.9816,-0.0647,0.3401,-0.9239
"Centaurea phrygia aggr.",0.5144,1.2028,0.1923,0.9428,0.2785,7.3333,4.8333,4.1667,6.6667,5.1667,0.921,-0.1819,0.2417,-0.3546
"Centaurea scabiosa",0.513,1.1401,0.2628,0.7263,0.1787,7,3.5,4,8,6,0.337,-0.4271,-0.3336,0.7922
"Centaurea stoebe",0.4817,1.3955,0.3176,0.4822,0.2064,8,2,4,6,7,0.5012,-0.1214,-1.3134,0.2831
"Centaurium erythraea",0.559,0.7423,0.3158,0.4515,0.2051,8,5,5,6,6,0.1492,-0.2235,-0.4294,0.0535
"Centaurium pulchellum",0.5642,1.5322,0.4162,0.2972,0.2319,9,7,4,8.5,6,0.8112,-0.9147,-0.2714,1.1482
"Cephalanthera damasonium",0.6973,0.0134,0.2028,0.0052,0.1026,5,4,4,7,6,-1.8797,0.4262,-0.42,0.4035
"Cerastium arvense",0.4614,1.1488,0.2776,0.384,0.246,8.1667,3.8333,3.6667,6,5,0.4148,-0.4465,-0.7246,-0.6531
"Cerastium brachypetalum",0.5561,0.9157,0.2936,0.3693,0.3049,9,3,3,7,7,0.3168,0.174,-1.3101,0.5479
"Cerastium dubium",0.5473,1.8779,0.3958,0.4679,0.291,8,7,6,7,6,1.2071,-0.5099,0.2718,0.561
"Cerastium fontanum subsp. vulgare",0.521,1.6913,0.3335,0.9916,0.3622,6.25,5.125,5.375,5.75,4.5,1.3159,-0.0406,0.124,-0.878
"Cerastium glomeratum",0.6708,1.2458,0.2842,0.568,0.4857,7,5,6,5,6,0.7268,1.2333,-0.0718,-0.6755
"Cerastium pumilum",0.5261,1.5574,0.3526,0.3908,0.3073,9,3,3.6667,7,7.3333,0.8438,0.0093,-1.289,0.785
"Cerastium semidecandrum",0.4625,1.3919,0.3057,0.3844,0.3888,8.5,3,3,6,6.5,0.7962,0.0761,-1.3122,-0.2667
"Cerastium tomentosum",0.4269,1.0405,0.3362,0.14,0.1779,7,4,5,7,6,-0.192,-0.7594,-0.559,0.5211
"Cerinthe minor",0.5854,1.0102,0.2226,0.549,0.2942,7,4,4,8,6,0.1521,0.1986,-0.1638,0.6326
"Chaerophyllum aromaticum",0.5831,0.5823,0.1535,0.4153,0.1921,7,7,8,6,5,-0.1326,-0.0445,1.5102,-0.1584
"Chaerophyllum aureum",0.5861,0.5296,0.1816,0.3869,0.2091,6,5,8,7,5,-0.5288,0.2055,1.0966,0.3275
"Chaerophyllum bulbosum",0.6036,0.6563,0.2027,0.3731,0.1644,7,7,8,7,6,-0.194,-0.1348,1.3535,0.8071
"Chaerophyllum hirsutum",0.5739,0.4246,0.167,0.1971,0.125,6,8,7,6,3.5,-0.7243,-0.5187,1.5518,-0.8158
"Chaerophyllum temulum",0.6886,0.1732,0.1955,0.0954,0.1435,5,5,8,7,6,-1.476,0.5787,0.8552,0.8464
"Chaiturus marrubiastrum",0.6411,0.5482,0.1824,0.3042,0.2027,7,6,7,8,7,-0.4438,0.2253,0.9509,1.507
"Chelidonium majus",0.6944,0.3226,0.1948,0.2083,0.208,6,5,8,7,6,-0.9665,0.7183,0.8462,0.7818
"Chenopodiastrum hybridum",0.8317,1.5141,0.1398,0.7027,0.7521,7,5,8,7,6,1.1752,2.742,1.2463,0.0664
"Chenopodiastrum murale",0.8448,1.5115,0.1474,0.9533,0.6405,8,4,9,8,7,1.4202,2.5743,1.2898,1.2335
"Chenopodium album aggr.",0.824,1.5617,0.1435,0.5479,0.7085,8.1,4.4,6.65,6,6.3,1.1758,2.6726,0.5242,-0.3908
"Chenopodium ficifolium",0.8151,1.8356,0.1704,0.5344,0.6628,7,6,8,7,7,1.1807,2.3215,1.2977,0.5735
"Chenopodium opulifolium",0.8588,1.807,0.1125,0.9535,0.7508,8,5,7,7,6,1.7971,2.7589,1.1714,-0.0912
"Chenopodium suecicum",0.8638,2.0405,0.122,1.0392,0.7846,7,5,7,6,6,1.9272,2.9912,1.1284,-0.6232
"Chondrilla juncea",0.5989,1.6097,0.2766,0.58,0.3604,8,2.5,3,6,7,0.8467,0.7077,-1.2598,-0.0634
"Chrysosplenium alternifolium",0.6027,0.2825,0.1602,0.0692,0.1097,3,8,7,7,5,-1.6382,-0.257,1.693,0.2346
"Cichorium intybus",0.6534,1.5461,0.216,0.8413,0.3443,8,4,5,7,6,1.0883,0.6869,0.0725,0.2172
"Cicuta virosa",0.2934,0.9898,0.0846,0.2199,0.1053,6,9,6,6,5,-0.0394,-1.6904,1.932,-0.5155
"Circaea alpina",0.6705,0.1137,0.1785,0.0188,0.1065,4,7,6,5,4,-1.6975,0.1485,0.8594,-1.1716
"Circaea lutetiana",0.6888,0.0874,0.1872,0.0194,0.1062,4,6,7,7,5,-1.8336,0.2817,0.9903,0.3287
"Cirsium acaulon",0.4983,1.2596,0.2997,0.8241,0.1427,8,3,3,8,6,0.6583,-0.6883,-0.8416,0.7579
"Cirsium arvense",0.6239,1.3947,0.2401,0.6433,0.4314,8,4.5,7,6,5,1.0138,0.8525,0.4437,-0.4688
"Cirsium brachycephalum",0.3767,1.8442,0.32,1.0737,0.1345,8,7,6,8,7,1.7656,-1.5963,0.8519,1.4976
"Cirsium canum",0.5158,1.7327,0.1922,1.2786,0.2037,7.5,8,6,7,6.5,1.8172,-0.7093,1.5389,0.6116
"Cirsium heterophyllum aggr.",0.5759,0.487,0.1795,0.355,0.1692,7,8,6,5,4,-0.2235,-0.3922,1.0848,-1.2358
"Cirsium oleraceum",0.5828,0.5806,0.1714,0.371,0.1523,6,7.5,6,7,5,-0.465,-0.4038,1.2489,0.1034
"Cirsium palustre",0.4899,1.0213,0.2269,0.62,0.1755,7,8,5,4,5,0.5686,-0.7189,0.6372,-1.4361
"Cirsium pannonicum",0.5098,1.0016,0.2633,0.8682,0.1381,7,4,3.5,7.5,6,0.39,-0.6091,-0.3791,0.5453
"Cirsium rivulare",0.5199,1.3573,0.1803,1.0021,0.1435,8.5,7.5,5.5,7.5,5,1.2966,-0.9725,1.3383,0.2768
"Cirsium vulgare",0.5681,1.124,0.3157,0.6441,0.3263,8,5,8,7,5,0.7918,0.1121,0.6024,0.3496
"Cleistogenes serotina",0.4866,1.0936,0.3866,0.4657,0.1873,9,1,2,8,8,0.3201,-0.39,-2.2551,1.5263
"Clematis integrifolia",0.5118,1.2056,0.2587,0.7687,0.1265,7,7,6,6,7,0.6864,-0.6857,0.6779,0.5369
"Clematis recta",0.6156,0.2038,0.2198,0.151,0.109,6,3,4,8,7,-1.3796,0.1323,-0.6434,1.2888
"Clematis vitalba",0.6727,0.1304,0.2019,0.0447,0.1162,7,5,7,7,7,-1.1907,0.3552,0.3728,1.1935
"Clinopodium acinos",0.493,1.0935,0.3119,0.3728,0.2275,9,2,2,7,7,0.3238,-0.245,-1.7979,0.5087
"Clinopodium vulgare",0.6216,0.2138,0.2116,0.1571,0.1383,6.5,4,3.5,7,6,-1.1546,0.0828,-0.573,0.3086
"Colchicum autumnale",0.5232,1.0132,0.1691,0.8767,0.2617,6,6,5,6.5,5,0.5043,-0.1936,0.8274,-0.417
"Colutea arborescens",0.6793,0.091,0.2246,0.016,0.0961,6,3,5,8,8,-1.6624,0.4912,-0.5769,1.86
"Comarum palustre",0.298,1.0205,0.1338,0.2522,0.1539,8,9,2,3,4,0.519,-1.7132,0.3666,-2.8151
"Conium maculatum",0.7238,0.8541,0.1798,0.5676,0.3135,8,6,8,7,6,0.368,0.8701,1.1921,0.6445
"Consolida regalis",0.8139,1.8774,0.1547,0.4099,0.7163,7,4,6,7,7,0.9748,2.6684,0.3793,0.2432
"Convallaria majalis",0.6862,0.0476,0.1976,0.0173,0.1156,4.5,4.5,4,5,5,-1.8273,0.4986,-0.409,-0.983
"Convolvulus arvensis",0.6924,1.5541,0.1817,0.7095,0.4921,7,4,6,7,6,0.9121,1.4211,0.4445,0.1273
"Cornus mas",0.6921,0.0268,0.1985,0.005,0.1001,6,4,5,8,7,-1.6784,0.385,-0.1757,1.4218
"Cornus sanguinea",0.6696,0.1157,0.2033,0.033,0.1032,6.5,5,5,7,5.5,-1.3724,0.1128,0.035,0.3385
"Corydalis cava",0.6961,0.0403,0.1775,0.0055,0.1016,4,6,7,7,6,-1.8917,0.3893,0.9338,0.7302
"Corydalis intermedia",0.6915,0.0556,0.1751,0.0135,0.1048,4,5,7,7,5,-1.9351,0.4476,0.799,0.3236
"Corydalis solida",0.6905,0.0565,0.1836,0.0137,0.1045,4,5,7,7,6,-1.9236,0.5029,0.6833,0.7376
"Corylus avellana",0.6888,0.0674,0.1935,0.0121,0.1057,6,5,5.5,6,5,-1.5112,0.3279,0.1222,-0.2885
"Corynephorus canescens",0.4144,1.1603,0.2697,0.2151,0.3992,8,2,2,3,6,0.4093,0.3492,-2.0195,-2.0692
"Cota austriaca",0.833,1.7788,0.1519,0.4895,0.752,7,4,6,7,7,1.0261,2.8448,0.3864,0.2113
"Cota tinctoria",0.5882,0.7366,0.2547,0.4065,0.2175,8,3,4,6,6,-0.0869,0.2521,-0.9117,-0.1475
"Cotinus coggygria",0.6792,0.0631,0.2238,0.0189,0.1042,6,3,4,7,8,-1.6524,0.5582,-0.9439,1.25
"Cotoneaster integerrimus",0.5178,0.3536,0.2266,0.0696,0.1075,8,3,2.5,7,6,-0.8717,-0.4343,-1.1656,0.2334
"Crambe tataria",0.4981,1.7984,0.3845,0.8088,0.1696,9,3,3,8,8,1.2886,-0.6605,-1.3209,1.6154
"Crataegus laevigata",0.6876,0.0466,0.1972,0.0114,0.1006,5,5,5,7,6,-1.7641,0.303,0.0857,0.5182
"Crataegus monogyna",0.6582,0.1258,0.2105,0.0453,0.1123,6,4,5,7,6,-1.486,0.2793,-0.2302,0.533
"Crepis biennis",0.5232,1.843,0.1386,1.4332,0.3787,7,5.5,5.5,6,5,2.0282,0.2025,1.1206,-0.7929
"Crepis capillaris",0.5283,1.6365,0.2784,0.9613,0.3927,7,5,4,6,6,1.378,0.1548,-0.1763,-0.4138
"Crepis foetida aggr.",0.6779,1.2691,0.2666,0.5529,0.3617,9,4,4,7,7,0.7872,0.7595,-0.6539,0.5733
"Crepis mollis",0.5097,1.5005,0.1566,1.1039,0.2666,7,6,6,5,4,1.3614,-0.1716,1.1077,-1.4412
"Crepis paludosa",0.5664,0.4804,0.179,0.2836,0.1131,6,8,6,7,5,-0.6327,-0.65,1.3017,0.1572
"Crepis pannonica",0.4818,1.9875,0.3864,0.5548,0.2042,8,3,4,8,7,1.0059,-0.5881,-0.9858,1.2678
"Crepis praemorsa aggr.",0.5034,0.644,0.2476,0.3873,0.128,6,4,3,8,7,-0.6218,-0.5407,-0.5934,1.1166
"Crepis setosa",0.6559,1.5691,0.259,0.7164,0.3439,9,4,6,7,7,1.202,0.7179,-0.0342,0.8171
"Crepis tectorum",0.7024,1.3788,0.194,0.5049,0.5298,8,4,5.5,6,6,0.8344,1.5903,-0.0062,-0.4077
"Cruciata glabra",0.6025,0.2529,0.2039,0.1885,0.1509,7,5,5,6,6,-0.8378,0.0617,-0.0834,0.0023
"Cruciata laevipes",0.5693,0.5142,0.2014,0.3814,0.2141,7,6,7,7,5,-0.267,-0.1213,0.9476,0.2271
"Cruciata pedemontana",0.5391,1.158,0.3188,0.4426,0.2457,8,3,3,7,7,0.3081,-0.0606,-1.2759,0.6074
"Crypsis aculeata",0.6182,2.0513,0.271,0.1865,0.3109,9,5.5,4,7.5,8,0.9829,0.1964,-0.2896,1.1959
"Crypsis alopecuroides",0.6536,1.6973,0.2414,0.2459,0.334,9,7,7,7,8,0.9589,0.4556,0.7815,1.3089
"Crypsis schoenoides",0.6151,1.8212,0.2531,0.2371,0.3158,9,7,7,7,8,1.051,0.2278,0.766,1.3272
"Cuscuta epithymum",0.5072,1.0114,0.3036,0.4418,0.1884,7,4,2.5,7,6,0.0045,-0.5119,-0.9711,0.1676
"Cuscuta europaea",0.5691,0.8619,0.1836,0.4802,0.1728,6,7,7.5,7,6,-0.1056,-0.2152,1.444,0.6725
"Cyanus mollis",0.4794,0.7707,0.1744,0.3673,0.2266,6,5,6,7,4,-0.3017,-0.3563,0.7874,-0.3994
"Cyanus montanus",0.614,0.1673,0.1979,0.0815,0.1213,6,5,6,7,4,-1.2982,-0.0931,0.4856,-0.1869
"Cyanus segetum",0.8898,1.9113,0.1004,0.2772,0.8709,7,5,6,4,5.5,1.1122,3.5412,0.508,-2.016
"Cyanus triumfettii aggr.",0.4745,0.5666,0.2749,0.1819,0.1254,7,3,3,8,7,-0.732,-0.5987,-1.0598,1.1736
"Cyclamen purpurascens",0.6843,0.035,0.1931,0.0083,0.101,4,5,5,7,6,-1.9735,0.347,0.1599,0.4959
"Cymbalaria muralis",0.5665,0.3602,0.1412,0.1417,0.2012,6,4,5,8,7,-1.0593,0.2189,0.1704,1.1931
"Cynodon dactylon",0.6506,1.4963,0.2584,0.538,0.4146,8,3.5,5,6,7,0.8368,1.0717,-0.525,0.1234
"Cynoglossum officinale",0.5173,0.784,0.2099,0.223,0.2461,8,4,6,7,6,-0.1017,-0.0035,0.0767,0.4734
"Cynosurus cristatus",0.5042,1.8355,0.3754,1.2334,0.3444,8,5,4.5,6,5,2.016,-0.3507,-0.2984,-0.5805
"Cyperus fuscus",0.6651,1.6233,0.2123,0.1139,0.3087,9,8,5,6,6,0.7514,0.1946,0.639,-0.2352
"Cyperus michelianus",0.7909,1.6808,0.2094,0.0342,0.3822,9,8,6,7,7,0.6662,0.9511,0.8781,0.7028
"Cypripedium calceolus",0.6526,0.0767,0.202,0.0335,0.0928,5,5,4,8,6,-1.742,-0.0225,-0.0287,0.8689
"Cystopteris fragilis",0.567,0.2098,0.1656,0.0425,0.1105,5,6.75,3.75,7.5,3.5,-1.4402,-0.6633,0.6525,-0.5075
"Cytisus albus",0.497,1.102,0.3156,0.6417,0.1416,8,3,3,9,8,0.3354,-0.6517,-1.0247,2.0683
"Cytisus austriacus",0.5187,0.5145,0.2842,0.2956,0.1184,7,3,3,9,8,-0.7149,-0.4841,-1.0423,2.0827
"Cytisus hirsutus",0.61,0.184,0.2294,0.1133,0.1147,6.75,3.5,2.25,6.5,6,-1.225,-0.0145,-1.1503,-0.0344
"Cytisus procumbens",0.4149,1.2617,0.311,0.2974,0.137,8,3,3,8,8,0.163,-0.87,-1.1792,1.5645
"Cytisus ratisbonensis",0.5361,0.5547,0.2759,0.3302,0.1583,6.5,3.5,2.5,7,7,-0.6349,-0.2449,-1.1426,0.6028
"Cytisus scoparius",0.5565,0.2948,0.2467,0.099,0.153,7,4,4,3,5,-0.8364,0.1236,-1.0258,-1.9072
"Cytisus virescens",0.5019,1.1608,0.279,1.0063,0.1162,7,4,3,7,6,0.6437,-0.7202,-0.5526,0.2762
"Dactylis glomerata",0.569,0.6482,0.2256,0.4967,0.2597,6.7,5,5.9,6,5.2,-0.085,0.1594,0.2806,-0.3373
"Dactylorhiza incarnata",0.3828,1.2846,0.2243,0.5199,0.1517,8,8.5,2.5,7,3.5,0.7908,-1.8713,0.6454,-0.9456
"Dactylorhiza maculata aggr.",0.5224,0.4078,0.2102,0.2571,0.1462,6.3333,7.1944,2.6667,5,3.8889,-0.5958,-0.7532,-0.0043,-1.6591
"Dactylorhiza majalis",0.4456,1.4805,0.1782,0.9441,0.1408,7.75,8,2.5,5.5,5,1.2784,-1.2777,0.5611,-1.0944
"Dactylorhiza sambucina",0.4598,1.041,0.2823,0.3876,0.1673,6,4,3,5,5,-0.1607,-0.5295,-0.866,-1.1491
"Dactylorhiza traunsteineri",0.2435,1.4406,0.1144,0.6376,0.0902,7.3333,8.3333,2.3333,5,4.3333,0.9622,-2.1518,0.8375,-1.6885
"Dactylorhiza viridis",0.4239,0.8134,0.284,0.2233,0.1713,8,4,2,4,4,-0.048,-0.7768,-1.3534,-2.1142
"Danthonia alpina",0.5036,1.3701,0.2886,0.9967,0.1642,8.5,3,2.5,7,6,1.0692,-0.5623,-1.0069,0.1857
"Danthonia decumbens",0.4867,0.9636,0.33,0.5153,0.2257,8,5,2,3,5,0.5132,-0.4384,-1.427,-2.1908
"Daphne cneorum",0.4788,0.6011,0.2763,0.1594,0.1166,6,4,2,7,6,-0.8781,-0.7263,-1.0567,0.1552
"Daphne mezereum",0.6757,0.0456,0.1913,0.0048,0.0992,4,5,5.5,7,5,-1.963,0.263,0.3731,0.1541
"Datura stramonium",0.848,1.6549,0.1307,0.845,0.7204,8,4,8,7,6.5,1.5059,2.8458,1.0154,0.309
"Daucus carota",0.5754,1.145,0.2127,0.7008,0.3221,8,4,4.5,6,5.5,0.7264,0.3686,-0.2048,-0.4876
"Deschampsia cespitosa aggr.",0.5587,0.4943,0.2133,0.2959,0.1702,6,7,4,5,5,-0.5449,-0.3524,0.2016,-1.066
"Descurainia sophia",0.8002,1.7022,0.158,0.5866,0.671,8,4,6,7,6,1.2014,2.3491,0.4183,-0.0767
"Dianthus armeria",0.5525,0.6911,0.2566,0.5689,0.251,6.5,4.5,3,5,6,-0.043,0.0926,-0.8033,-0.8201
"Dianthus carthusianorum aggr.",0.4829,1.1356,0.289,0.6085,0.1726,8,3.1429,2.8571,6.8571,5.4286,0.4243,-0.5889,-0.9781,-0.0751
"Dianthus deltoides",0.4743,1.6143,0.2299,0.9036,0.3282,8,4,3,4,5,1.4213,-0.0066,-0.6775,-1.866
"Dianthus praecox",0.3651,1.2629,0.2874,0.0692,0.1707,9,2,2,9,7,0.0747,-1.0592,-1.4676,1.4501
"Dianthus seguieri",0.5024,0.6545,0.2308,0.2796,0.1857,7,5,3,3,5,-0.252,-0.2003,-0.8467,-2.1317
"Dianthus superbus",0.4527,0.8907,0.2196,0.4257,0.1502,6.25,7,3,7,5.25,-0.0803,-1.1135,0.2844,-0.1604
"Dichoropetalum carvifolia",0.5229,0.8861,0.1814,0.6292,0.2529,7.5,6,4,6,6,0.4402,-0.2192,0.2113,-0.3214
"Dictamnus albus",0.6111,0.169,0.235,0.1004,0.108,7,3,3,8,8,-1.2608,0.0635,-1.1067,1.6015
"Digitalis grandiflora",0.6452,0.1247,0.2014,0.07,0.1159,6,5,5,6,5,-1.3556,0.1326,0.0064,-0.3663
"Digitaria ischaemum",0.8033,1.9982,0.1487,0.451,0.7008,8,4,5,4,6,1.3614,2.6998,-0.1499,-1.6922
"Digitaria sanguinalis",0.8138,1.8763,0.1584,0.81,0.6409,8,3,5,6,7,1.4721,2.5526,-0.1677,-0.2438
"Diplotaxis muralis",0.7772,1.6214,0.165,0.8862,0.6057,8,4,6,8,8,1.4011,2.0902,0.4366,1.2897
"Diplotaxis tenuifolia",0.7282,1.551,0.1848,0.7243,0.4714,8,3,6,7,7,1.0067,1.6674,0.0552,0.5872
"Dipsacus fullonum",0.6275,1.1122,0.2113,0.6958,0.2284,8,6,7,7,6,0.6609,0.122,0.9426,0.6138
"Dipsacus laciniatus",0.592,1.3191,0.1996,0.7832,0.248,8,6,6,7,7,0.9456,0.0559,0.7342,0.8316
"Dipsacus pilosus",0.6403,0.3028,0.1891,0.1923,0.1309,6,6,7,7,6,-1.0044,0.1026,0.8768,0.7183
"Doronicum austriacum",0.5922,0.1664,0.1842,0.0372,0.1008,5,6,7,6,3,-1.4538,-0.2262,1.0274,-0.9555
"Dorycnium pentaphyllum",0.5634,0.5148,0.2976,0.2858,0.1381,7,2.6667,3,8,6.3333,-0.7388,-0.246,-1.1777,0.9408
"Draba nemorosa",0.5337,1.7929,0.3206,0.9424,0.2267,9,4,3,7,7,1.5409,-0.3861,-0.8537,0.6001
"Draba verna aggr.",0.5607,1.5804,0.2942,0.3384,0.4522,8.1667,3,2.3333,6.3333,6.1667,0.7642,0.5923,-1.352,-0.4161
"Drabella muralis",0.6262,0.863,0.2521,0.3375,0.3764,7,4,4,8,6,-0.1013,0.5685,-0.3905,0.5928
"Drosera rotundifolia",0.2153,0.8686,0.1317,0.2225,0.1474,8,9,1,1,4,0.5029,-1.9179,-0.1266,-3.8901
"Drymocallis rupestris",0.4667,0.8341,0.2597,0.3463,0.1253,6,4,3,6,5,-0.4515,-0.6708,-0.6948,-0.6404
"Drymochloa sylvatica",0.6978,0.0231,0.1887,0.0059,0.1052,3,5,6,6,5,-2.1516,0.548,0.4296,-0.2761
"Dryopteris carthusiana aggr.",0.6904,0.0878,0.187,0.0125,0.1293,4.2917,6,4.75,3.5,3.625,-1.6894,0.4562,0.1044,-2.1931
"Dryopteris cristata",0.4842,0.4226,0.1433,0.1446,0.1378,5,9,4,4,5,-0.8007,-0.7546,0.8513,-1.6258
"Dryopteris filix-mas",0.6859,0.0545,0.1861,0.012,0.1055,3,5,6,5,5,-2.0804,0.5997,0.3263,-0.7571
"Echinochloa crus-galli",0.7849,1.7186,0.1584,0.419,0.6192,6.5,5,8,7,7,0.7743,2.273,1.1044,0.6063
"Echinocystis lobata",0.5941,0.8555,0.1678,0.3102,0.189,6.5,8.5,8,7.5,8,-0.1074,-0.1373,1.7858,1.7474
"Echinops ritro",0.5813,0.5328,0.3283,0.2793,0.191,9,3,3,8,7,-0.2412,-0.1703,-1.4094,1.2226
"Echinops sphaerocephalus",0.6574,0.8898,0.1946,0.5892,0.2303,8,4,7,7,7,0.2362,0.6417,0.3863,1.0263
"Echium vulgare",0.5763,1.4449,0.2562,0.579,0.2766,8.5,4,4,6,5.5,0.8378,0.1307,-0.5067,-0.4626
"Elatine hydropiper",0.6601,1.8619,0.1557,0.0112,0.3086,8,9,5,4,6,0.707,0.3688,0.924,-1.2922
"Eleocharis acicularis",0.4725,1.6706,0.125,0.0814,0.2037,7.5,10,3,5,5.5,0.5833,-0.9965,1.0426,-1.232
"Eleocharis mamillata",0.2662,1.4245,0.0976,0.0995,0.1565,8,10,4,4.5,5,0.6987,-1.8808,1.3653,-1.5332
"Eleocharis ovata",0.6922,1.8353,0.164,0.0238,0.3305,8.5,8.5,5.5,5,6,0.7493,0.5212,0.9771,-0.7498
"Eleocharis palustris",0.3712,1.7858,0.256,0.3305,0.1283,8,10,6,6,6,1.1139,-1.7683,1.4191,0.0569
"Eleocharis uniglumis",0.4291,1.9981,0.3892,0.5029,0.1413,7.5,10,5.5,7,5.5,1.3188,-1.8575,1.0273,0.3995
"Elymus caninus",0.6458,0.272,0.1835,0.1023,0.1268,5,6,7,7,5,-1.3462,0.1069,1.0096,0.2976
"Elytrigia intermedia",0.5199,1.1466,0.3177,0.6,0.1655,7,3,4,7,7,0.2032,-0.2689,-0.9117,0.8061
"Elytrigia repens aggr.",0.6299,1.3372,0.2413,0.667,0.3991,7,5,7,6,5.5,0.7872,0.8023,0.5735,-0.2439
"Epilobium angustifolium",0.6406,0.3028,0.1946,0.1319,0.1904,8,5,7,5,4,-0.6023,0.3523,0.3932,-1.056
"Epilobium ciliatum",0.6079,1.1371,0.1965,0.4761,0.2521,7,5.5,7.5,6,5.5,0.2824,0.3548,0.927,-0.0634
"Epilobium dodonaei",0.5917,1.038,0.1826,0.2063,0.2682,9,4,3,8,6,0.1122,0.09,-0.4548,0.5145
"Epilobium hirsutum",0.4646,0.9897,0.1815,0.4698,0.1444,7,8,8,7,5,0.2999,-0.9547,1.8775,0.3459
"Epilobium montanum",0.6657,0.1105,0.1858,0.0536,0.1177,4.5,5,6,6,5,-1.6908,0.3753,0.3871,-0.2797
"Epilobium obscurum",0.4883,1.0917,0.194,0.4527,0.1407,7,8,5,4,5,0.3695,-0.7579,0.7395,-1.4443
"Epilobium palustre",0.4037,1.0842,0.1731,0.4041,0.145,7,9,2.5,3,4.5,0.4416,-1.268,0.3764,-2.4922
"Epilobium parviflorum",0.4849,1.012,0.2546,0.4824,0.152,7,9,6,8,5,0.3456,-1.3085,1.459,0.6387
"Epilobium roseum",0.5663,0.7638,0.1947,0.3337,0.1782,7,8,8,7,6,-0.0486,-0.3753,1.6332,0.7615
"Epilobium tetragonum",0.5742,1.1659,0.2385,0.518,0.256,7,5.6667,5,5,6,0.4072,0.135,0.054,-0.6188
"Epipactis atrorubens",0.6125,0.1918,0.2264,0.086,0.1126,6,3,2,8,6,-1.4912,-0.0558,-1.0901,0.6313
"Epipactis helleborine",0.6867,0.0409,0.2029,0.0147,0.107,3.5,4.75,4.75,6.25,5,-2.056,0.4027,0.0229,-0.2968
"Epipactis palustris",0.3561,1.1724,0.1981,0.5531,0.1062,7,8,2,8,5,0.4439,-1.96,0.5784,0.0767
"Equisetum arvense",0.6201,0.9617,0.177,0.477,0.3813,6,6,4,5,5,0.1215,0.6476,0.2037,-1.362
"Equisetum fluviatile",0.34,1.0929,0.1375,0.3488,0.1174,8,10,5,4,4.5,0.673,-1.696,1.4242,-1.7104
"Equisetum palustre",0.449,1.1627,0.1891,0.6235,0.1392,6.5,8,3.5,5,5,0.4864,-1.0851,0.6233,-1.1878
"Equisetum pratense",0.6505,0.19,0.1943,0.0936,0.141,5,6,5,7,4,-1.4338,-0.0293,0.5464,-0.3594
"Equisetum ramosissimum",0.5671,0.7554,0.2198,0.3636,0.2303,8,4,3,7,7,-0.0759,0.0421,-0.7432,0.5328
"Equisetum sylvaticum",0.6124,0.2983,0.1778,0.1441,0.1454,3.5,7,4,4.5,4,-1.4403,-0.03,0.4259,-1.7418
"Equisetum telmateia",0.5873,0.4526,0.1848,0.2382,0.1393,6,8,5,8,6,-0.7276,-0.5742,1.0527,0.8884
"Equisetum variegatum",0.2787,1.2801,0.1518,0.2652,0.0736,8,9,2,8,5,0.4726,-2.4614,0.8977,0.0439
"Eragrostis minor",0.8271,2.1048,0.1524,0.9514,0.5475,8,3,5,7,7,1.6095,2.2432,0.0699,0.3137
"Erigeron acris",0.5327,1.2145,0.2535,0.6452,0.2584,8.5,3.9,3,7.9,4.8,0.6855,-0.3689,-0.4742,0.0523
"Erigeron annuus",0.6192,0.9903,0.1793,0.6772,0.3127,7.5,5.5,7,6,5.5,0.5652,0.5297,0.8663,-0.1931
"Erigeron canadensis",0.7132,1.2955,0.186,0.6219,0.4874,8,4,5.5,6,6,0.8375,1.5218,0.0476,-0.3607
"Eriophorum angustifolium",0.2268,1.1759,0.1401,0.292,0.1415,8,9,2,4,4,0.6934,-2.1523,0.5241,-2.3445
"Eriophorum latifolium",0.2764,1.566,0.128,0.8194,0.0579,8,9,2,8,5,1.2581,-2.5327,1.2045,0.0165
"Eriophorum vaginatum",0.3332,0.5239,0.147,0.1096,0.168,7,9,1,2,3,-0.1787,-1.506,-0.0479,-3.7961
"Erodium cicutarium",0.6818,1.7082,0.2541,0.4185,0.5732,8,4,6,6,6,1.0719,1.5587,-0.0957,-0.3474
"Eryngium campestre",0.5485,1.094,0.3276,0.5751,0.2294,9,3,3,7,7,0.5855,-0.1399,-1.3446,0.6612
"Erysimum cheiranthoides",0.823,1.4481,0.1266,0.3548,0.6827,7,5,7,7,5,0.6253,2.4397,1.0415,-0.4045
"Erysimum diffusum",0.5098,1.3951,0.3505,0.487,0.2477,9,2,3,6.5,7,0.7147,-0.0958,-1.6964,0.4073
"Erysimum hieracifolium",0.6146,0.6362,0.2352,0.3569,0.2304,8,4,4,6,7,-0.156,0.3672,-0.7234,0.2243
"Erysimum marschallianum",0.5619,1.4365,0.3162,0.8423,0.2118,9,3,4,6,7,1.1234,0.0027,-1.0471,0.3025
"Erysimum odoratum",0.4783,0.5612,0.2673,0.1536,0.1535,7,3,3,8,7,-0.7358,-0.4914,-1.043,1.1338
"Erysimum repandum",0.6622,1.7114,0.2454,0.6128,0.4148,8,4,5,8,7,1.0174,0.8639,-0.0523,1.0383
"Erysimum sylvestre",0.4307,0.5721,0.2567,0.0839,0.1474,9,3,2,7,4,-0.3766,-0.9564,-1.2439,-0.6608
"Euonymus europaeus",0.6804,0.0906,0.1955,0.0127,0.105,5,5,6,7,5,-1.7101,0.2672,0.4249,0.232
"Euonymus verrucosus",0.6929,0.0344,0.1955,0.0048,0.1067,5.5,4,4.5,7,6,-1.7501,0.4322,-0.2962,0.4607
"Eupatorium cannabinum",0.5249,0.5384,0.1739,0.2795,0.1308,7,7,7,7,5,-0.3809,-0.6207,1.2882,0.2706
"Euphorbia amygdaloides",0.6877,0.0352,0.1991,0.0136,0.1019,4,5,5,7,5,-1.974,0.2799,0.2187,0.0993
"Euphorbia angulata",0.5826,0.2881,0.2486,0.1984,0.1041,6,5,5,6,7,-1.0227,-0.0966,-0.265,0.4892
"Euphorbia cyparissias",0.5194,0.6754,0.2733,0.3723,0.1699,8,3,3,6,6,-0.1727,-0.2381,-1.2238,-0.2088
"Euphorbia dulcis",0.6884,0.0457,0.1926,0.0158,0.1023,4,5,6,7,6,-1.9432,0.4208,0.406,0.6226
"Euphorbia epithymoides",0.611,0.1712,0.222,0.0832,0.1096,6,3,3,8,7,-1.4886,0.0648,-0.9171,1.1629
"Euphorbia esula",0.5991,1.3149,0.203,0.8226,0.2611,8,4,3.75,7.625,6.125,0.8062,0.1448,-0.1294,0.4865
"Euphorbia exigua",0.7564,1.5257,0.2567,0.3772,0.5391,7,4,5,8,6,0.5011,1.5752,-0.0973,0.5211
"Euphorbia helioscopia",0.8536,1.7805,0.1461,0.451,0.7835,6.5,5,7,7,6,0.9786,2.8941,0.9744,-0.1164
"Euphorbia illirica",0.5497,0.5277,0.2311,0.4052,0.1365,7.5,6.5,4,7,7,-0.2117,-0.5718,0.0521,0.7722
"Euphorbia lucida",0.5146,1.3096,0.1867,0.8026,0.1103,7,8,7,7,6,0.7836,-0.8695,1.6764,0.6539
"Euphorbia palustris",0.5127,0.7637,0.1835,0.4588,0.1376,7.5,8,7,7.5,6,0.1522,-0.8266,1.5246,0.9011
"Euphorbia peplus",0.7792,0.952,0.2505,0.432,0.5069,6.5,4,7.5,7,6,0.0814,1.8553,0.3503,0.4363
"Euphorbia platyphyllos",0.7151,0.789,0.2176,0.3982,0.4644,7,5,6,7,7,0.0717,1.3636,0.2258,0.6574
"Euphorbia salicifolia",0.6238,0.3033,0.2333,0.2155,0.1385,7,4,3,8,7,-0.9558,-0.0243,-0.737,1.1502
"Euphorbia seguieriana",0.4735,1.3419,0.3283,0.446,0.238,9,2,2,7.6667,7,0.5925,-0.3989,-1.7136,0.8114
"Euphorbia stricta",0.5803,0.6273,0.225,0.3976,0.2092,6,6,6,6,5,-0.3665,-0.0378,0.5695,-0.364
"Euphrasia nemorosa",0.4804,1.7427,0.3176,0.9028,0.1753,8,5,3,4,5,1.3906,-0.681,-0.757,-1.6019
"Euphrasia pectinata",0.4528,1.6036,0.3289,0.5347,0.1926,8,4,2,6,6,0.8016,-0.7636,-1.2339,-0.3794
"Euphrasia rostkoviana",0.4709,1.7336,0.3714,0.7964,0.303,7,5,4,4,5,1.2876,-0.3379,-0.7197,-1.5698
"Euphrasia stricta",0.4753,1.563,0.3158,0.6086,0.2049,8,4,2,5,6,0.8781,-0.526,-1.2989,-0.8745
"Fagus sylvatica",0.6988,0.025,0.1945,0.0059,0.1092,3,5,5,6,5,-2.1608,0.5002,0.1648,-0.4022
"Falcaria vulgaris",0.5806,1.4741,0.2784,0.7796,0.2537,7,3,5,8.5,7,0.639,0.167,-0.246,1.4873
"Fallopia convolvulus",0.812,0.9013,0.143,0.3382,0.6848,7,5,6,6,6,0.2798,2.5082,0.4309,-0.5475
"Fallopia dumetorum",0.662,0.2235,0.1937,0.105,0.1614,6,5,7,7,6,-1.1981,0.4171,0.5778,0.704
"Festuca filiformis",0.4501,0.8947,0.3156,0.3302,0.2506,7,4,2,3,5,0.0597,-0.2909,-1.6002,-2.2514
"Festuca heterophylla",0.6871,0.033,0.2018,0.0182,0.1078,4,4,4,5,6,-1.9714,0.6424,-0.5953,-0.5704
"Festuca ovina",0.5209,0.5717,0.275,0.2925,0.1965,6.1667,3,1.5,2.5,5.5,-0.5813,0.1618,-1.9202,-2.3123
"Festuca pallens",0.3931,0.8308,0.2767,0.0851,0.1879,8,2,1,6,7,-0.3294,-0.5838,-2.0585,-0.1108
"Festuca psammophila",0.4543,0.7853,0.3119,0.4113,0.3325,8,2,2,4,7.3333,0.2391,0.257,-2.1851,-0.8952
"Festuca rubra aggr.",0.4914,1.2316,0.2873,0.619,0.2974,7,5.5,3.5,4.75,5,0.6881,-0.2807,-0.4351,-1.3391
"Festuca stricta subsp. stricta",0.4464,0.721,0.3122,0.1653,0.1554,8,3,2.25,6,6,-0.3182,-0.6596,-1.5911,-0.2608
"Festuca stricta subsp. sulcata",0.5035,1.1138,0.282,0.7428,0.165,8,3,2.25,6,6,0.5379,-0.4132,-1.2521,-0.3209
"Festuca stricta subsp. trachyphylla",0.4612,1.2735,0.3125,0.7424,0.2772,8,3,2.25,6,6,0.8529,-0.3277,-1.3517,-0.4288
"Festuca trichophylla",0.4941,1.0702,0.3401,0.5186,0.1784,8,7,2,7,7,0.5347,-1.0771,-0.6471,0.5575
"Festuca valesiaca aggr.",0.5103,1.0251,0.344,0.5491,0.1901,8.25,2.625,2.625,7.625,7.5,0.304,-0.3807,-1.5111,1.1613
"Ficaria calthifolia",0.5359,0.5668,0.2587,0.2241,0.1641,6,4,5,7,6,-0.7761,-0.1783,-0.2719,0.4807
"Ficaria verna",0.6655,0.1742,0.1965,0.088,0.1404,4,6,7,7,5,-1.6247,0.2582,0.9891,0.2918
"Filago arvensis",0.5729,1.3213,0.312,0.5363,0.3746,8,3,3,4,7,0.7584,0.7225,-1.5924,-0.9694
"Filago germanica",0.5997,1.298,0.3117,0.4736,0.3479,8.5,3,2.5,4,7,0.7006,0.7131,-1.7668,-0.9898
"Filago minima",0.4154,1.3465,0.3273,0.4484,0.3507,9,2,2,4,6,0.9203,-0.0408,-2.0816,-1.4657
"Filipendula ulmaria",0.5456,0.6629,0.1833,0.437,0.1484,6.6667,7.8333,4.6667,6,5.6667,-0.1305,-0.5975,0.7817,-0.2563
"Filipendula vulgaris",0.5173,0.9477,0.2564,0.7396,0.1831,7,4,3,8,6,0.2361,-0.5065,-0.4639,0.663
"Fourraea alpina",0.6083,0.1624,0.21,0.0603,0.092,5,4,4,8,6,-1.672,-0.0835,-0.2589,0.8707
"Fragaria moschata",0.6555,0.1139,0.2024,0.0804,0.1165,6,5,6,6,6,-1.3362,0.3016,0.1595,0.1693
"Fragaria vesca",0.6606,0.1153,0.2003,0.0667,0.1288,6.5,5,5.5,6,5,-1.255,0.2355,0.0927,-0.3056
"Fragaria viridis",0.531,0.7998,0.2594,0.6024,0.1602,7,3,4,7,5,-0.0829,-0.2863,-0.5746,-0.0385
"Frangula alnus",0.6687,0.1537,0.1946,0.036,0.1558,6,7.5,4,4,6,-1.1324,0.2186,0.0266,-1.1024
"Fraxinus angustifolia",0.6737,0.1634,0.2039,0.0238,0.1133,4.5,7,6.5,6.5,7,-1.5612,0.2162,0.796,0.8422
"Fraxinus excelsior",0.6849,0.0929,0.1892,0.0282,0.1128,4,6,7,7,5,-1.8065,0.2797,0.9857,0.3228
"Fumana procumbens",0.4678,1.1223,0.3777,0.3426,0.2121,9,1,2,9,8,0.2186,-0.4718,-2.1238,1.9542
"Fumaria officinalis",0.8486,1.5892,0.1445,0.4973,0.7892,7,5,7,6,6,1.0458,2.9651,0.8072,-0.5758
"Fumaria schleicheri",0.7509,0.8622,0.179,0.3272,0.5492,7,4,6,8,7,0.0103,1.8489,0.2447,0.9947
"Fumaria vaillantii",0.8162,1.2773,0.1668,0.476,0.7454,7,4,6,8,7,0.6548,2.6526,0.3646,0.7435
"Gagea bohemica",0.4783,1.6344,0.3451,0.225,0.3169,9,2,2,3,7.5,0.8039,0.3145,-2.4257,-1.2859
"Gagea lutea",0.6888,0.0761,0.1849,0.0245,0.1064,4,6,7,7,5,-1.8363,0.2856,0.9991,0.3265
"Gagea minima",0.6505,0.2663,0.2439,0.1436,0.2222,6.5,4.5,7.5,7,6,-0.9348,0.5278,0.363,0.7679
"Gagea pratensis",0.7407,0.7292,0.1808,0.2627,0.54,7,4,6.5,7.5,6.5,-0.1321,1.8268,0.2989,0.6405
"Gagea pusilla",0.5043,1.4016,0.4174,0.7035,0.1986,6,3,5,8,7,0.3766,-0.4044,-0.8146,1.4547
"Gagea villosa",0.7786,0.8258,0.2333,0.3017,0.5893,7,4,6,7,7,0.0376,2.0893,-0.1246,0.5502
"Galanthus nivalis",0.6944,0.0558,0.1833,0.0114,0.1038,5,6,7,7,6,-1.6674,0.3294,0.855,0.7507
"Galatella linosyris",0.4905,1.2269,0.3171,0.5269,0.1588,8,2,3,8,7,0.2824,-0.4639,-1.3166,1.168
"Galega officinalis",0.604,0.9132,0.2114,0.5534,0.228,7,6,7,7,6,0.1901,0.0916,0.9329,0.606
"Galeopsis angustifolia",0.5958,0.7102,0.1772,0.2047,0.3357,8,2,3,8,7,-0.3461,0.7108,-0.9875,0.8542
"Galeopsis ladanum",0.7406,0.658,0.1663,0.3107,0.5058,8,4,4,5,5,0.048,1.7015,-0.4859,-1.4266
"Galeopsis pubescens",0.6908,0.2429,0.1837,0.1475,0.2045,6,5,7,6,5,-1.0862,0.6886,0.5781,-0.2288
"Galeopsis speciosa",0.6835,0.3031,0.1715,0.149,0.2312,7,5,6.5,6,5,-0.8133,0.6731,0.4559,-0.3265
"Galeopsis tetrahit aggr.",0.7054,0.356,0.1703,0.1901,0.3201,6.625,4.9583,7.1667,4.75,5.25,-0.6573,1.2051,0.4618,-0.8379
"Galinsoga parviflora",0.8344,1.7439,0.1437,0.5649,0.7625,8,5,8,6,6,1.4208,2.8297,1.0454,-0.4143
"Galinsoga quadriradiata",0.8398,1.7785,0.1334,0.4187,0.7581,8,5,8,6,6,1.2647,2.8669,1.0502,-0.4248
"Galium aparine",0.6732,0.4373,0.173,0.227,0.2791,6,5,8,6,6,-0.7266,0.954,0.8307,0.1905
"Galium austriacum",0.5095,0.3935,0.2284,0.085,0.1399,7,4,2,9,6,-0.9829,-0.6947,-0.7439,1.0546
"Galium boreale",0.5234,0.752,0.2153,0.6043,0.1847,6.1667,5.6667,2.8333,7.6667,6.1667,-0.1189,-0.552,-0.0318,0.4903
"Galium glaucum",0.491,0.6275,0.291,0.2675,0.1502,8,2,3,8,7,-0.435,-0.4074,-1.3892,1.1874
"Galium intermedium",0.6862,0.0393,0.1955,0.0147,0.104,4,5,6,6,6,-1.9111,0.5094,0.2688,0.1511
"Galium mollugo aggr.",0.544,0.705,0.1864,0.4971,0.2452,7,4.3,5.55,6.6,6,-0.0612,0.1403,0.2009,0.1931
"Galium odoratum",0.6959,0.0274,0.1889,0.0082,0.1029,3,5,6,6,5,-2.1473,0.5329,0.431,-0.2738
"Galium palustre aggr.",0.4375,0.8895,0.2088,0.3972,0.1302,6,9,5,5.3333,5,0.0347,-1.2261,1.1008,-0.8011
"Galium pumilum",0.4927,0.7904,0.2639,0.4152,0.1645,7,4,3,4,5,-0.1106,-0.3227,-1.0198,-1.5997
"Galium rivale",0.5063,1.0604,0.1697,0.7055,0.1268,6,8,6,6,6,0.3452,-0.7241,1.3681,0.0115
"Galium saxatile",0.5368,0.5076,0.293,0.2283,0.2058,6,5,3,2,4,-0.5662,-0.0187,-1.131,-2.956
"Galium spurium",0.8329,1.2779,0.138,0.3616,0.7456,7,5,5.5,7.5,6,0.5636,2.5846,0.5753,3e-04
"Galium sylvaticum",0.6918,0.0319,0.1921,0.013,0.1054,5,5,5,6,5,-1.7469,0.3652,0.0603,-0.3682
"Galium uliginosum",0.4745,1.2667,0.1897,0.7615,0.1461,6,8,2.5,4,5,0.6098,-0.9092,0.3358,-1.8071
"Galium valdepilosum",0.6202,0.1894,0.2238,0.0906,0.1556,7,4,3,5.5,6,-1.0765,0.2065,-0.9839,-0.4607
"Galium verum",0.5016,1.1959,0.2726,0.7025,0.2459,7,4.5,3.1667,6.5,6.1667,0.5536,-0.3285,-0.5449,-0.0327
"Genista germanica",0.622,0.1808,0.2308,0.1042,0.1209,7,4,2,3,5,-1.0576,0.2218,-1.4746,-2.1278
"Genista pilosa",0.5355,0.465,0.2902,0.1478,0.1341,7,3,1.5,4,5.5,-0.7902,-0.1456,-1.9003,-1.4908
"Genista sagittalis",0.5024,0.91,0.2802,0.537,0.1645,7,4,3,4,5,0.1033,-0.3216,-1.0323,-1.5858
"Genista tinctoria",0.5749,0.3528,0.2467,0.2716,0.1416,7,4,3,6,6,-0.744,-0.1211,-0.92,-0.1992
"Gentiana cruciata",0.4966,1.1198,0.2696,0.697,0.1585,7,3,3,8,6,0.2326,-0.5411,-0.7228,0.695
"Gentiana pannonica",0.437,0.2776,0.2218,0.0511,0.089,7,5,3,2,3,-0.8142,-0.7405,-0.8711,-3.3016
"Gentiana pneumonanthe",0.3836,1.5575,0.2707,0.5981,0.1073,7.5,7,2,6,5,0.8565,-1.6618,-0.1514,-0.7916
"Gentianella amarella",0.4922,1.8667,0.378,0.8864,0.2462,8,5,3,7,5,1.4691,-0.8238,-0.6232,-0.1952
"Gentianella ciliata",0.4932,0.8048,0.2731,0.5087,0.1155,7,3,2.5,8,6,-0.2534,-0.6816,-0.9596,0.7037
"Geranium columbinum",0.5835,0.9714,0.2611,0.4429,0.295,7,4,6,7,6,0.0915,0.3482,0.0023,0.4644
"Geranium dissectum",0.6573,1.4711,0.2278,0.7311,0.5102,7,4,6.5,7,6,0.9671,1.284,0.3779,0.2273
"Geranium palustre",0.5472,0.9101,0.1674,0.7002,0.1534,7.5,7,7,7.5,5,0.4314,-0.5765,1.5227,0.4636
"Geranium phaeum",0.6054,0.3193,0.1659,0.1623,0.1296,5.5,6,6,6,5,-1.0951,-0.0107,0.7209,-0.3306
"Geranium pratense",0.5382,1.2742,0.1434,0.9789,0.2987,7,5,7,7,6,0.9818,0.2162,1.1665,0.4152
"Geranium pusillum",0.7907,1.644,0.1751,0.5739,0.6917,7,4,7,6,6,1.0415,2.5437,0.5118,-0.4382
"Geranium pyrenaicum",0.625,1.0452,0.1932,0.7256,0.3555,7,5,7,7,6,0.5538,0.6782,0.8235,0.4425
"Geranium robertianum",0.6744,0.1231,0.1846,0.047,0.1191,5,6,7,6,5,-1.5156,0.3069,0.8329,-0.15
"Geranium sanguineum",0.5632,0.3621,0.2447,0.2285,0.1325,7,3,3,8,6,-0.9154,-0.2426,-0.9022,0.757
"Geranium sylvaticum aggr.",0.5461,0.3222,0.1784,0.1403,0.1413,7,6,6,6,4,-0.7441,-0.3857,0.6709,-0.7176
"Geum rivale",0.5739,0.5285,0.1788,0.3085,0.1428,6,8,4.5,6,4,-0.5401,-0.5975,0.9085,-0.9481
"Geum urbanum",0.6774,0.1455,0.1921,0.0655,0.1264,4.5,5,7,6,5,-1.634,0.4893,0.6079,-0.1533
"Gladiolus imbricatus",0.5196,1.1767,0.1847,0.9922,0.2453,7,6,3,7,5,0.8812,-0.497,0.3497,-0.3951
"Gladiolus palustris",0.4349,1.8642,0.2901,1.1654,0.1024,7,6,3,7,6,1.4771,-1.3589,0.0542,0.2321
"Glaux maritima",0.4935,2.2586,0.4525,0.0903,0.2036,7,7,5,7.5,6,0.7641,-1.0889,-0.0913,0.777
"Glechoma hederacea",0.6037,0.4437,0.2132,0.3016,0.2149,5.5,6,7,6,5.5,-0.6975,0.2203,0.7807,-0.0461
"Glechoma hirsuta",0.6827,0.0673,0.1869,0.0257,0.1043,5,5,6,7,7,-1.7043,0.4347,0.2947,1.0316
"Globularia bisnagarica",0.485,0.9868,0.3308,0.4227,0.1592,9,2,2,9,6,0.1595,-0.7649,-1.5365,1.1578
"Glyceria declinata",0.3297,1.6189,0.1444,0.1338,0.1333,5,8,6,5,5,0.0813,-1.2807,1.4663,-0.9993
"Glyceria fluitans aggr.",0.3964,1.2909,0.2775,0.2951,0.1348,6.5,9.25,6.75,5.5,5,0.4065,-1.4706,1.3453,-0.4491
"Glyceria maxima",0.3156,1.4196,0.1536,0.3773,0.1016,8,10,8.5,7.5,5,0.8866,-1.9908,2.6696,0.6077
"Glyceria notata",0.3872,1.1255,0.1569,0.2077,0.1247,7,9,7,7,5,0.1852,-1.4608,1.9393,0.1772
"Glycyrrhiza glabra",0.5888,1.304,0.2017,0.4107,0.3086,7,4,6,8,7,0.2444,0.4693,0.329,1.23
"Gnaphalium sylvaticum",0.5655,0.6612,0.252,0.358,0.2747,7.5,5,5.5,4,4,0.0118,0.2024,-0.1583,-1.7934
"Gnaphalium uliginosum",0.7698,1.824,0.1994,0.2146,0.5458,8,7,6,5,6,0.9983,1.6217,0.6395,-0.8667
"Gratiola officinalis",0.5074,1.6585,0.2505,0.7382,0.1346,7,8,6,7,7,1.0018,-0.9139,1.1372,0.9516
"Gymnadenia conopsea",0.4595,1.1272,0.2591,0.5966,0.1362,7,6.5,3,7.75,5,0.3529,-1.2651,0.1681,0.1585
"Gymnocarpium dryopteris",0.6822,0.0341,0.1943,0.0046,0.1018,2,6,6,4,4,-2.2116,0.4972,0.5393,-1.6417
"Gypsophila fastigiata",0.5012,0.6077,0.2895,0.2355,0.2578,8,2,2,7,6.6667,-0.3358,-0.044,-1.7507,0.3317
"Gypsophila muralis",0.7108,1.7244,0.231,0.3106,0.4998,8,6,4,3,6,1.0127,1.4251,-0.4182,-1.9783
"Gypsophila paniculata",0.4959,1.2104,0.2902,0.5289,0.2962,9,3,4,6,7,0.7905,0.0388,-1.0662,0.178
"Hackelia deflexa",0.6474,0.7658,0.1772,0.4125,0.2946,7.5,4,7,7,5,-0.0682,0.7011,0.5722,0.123
"Hacquetia epipactis",0.6986,0.0217,0.1887,0.0031,0.1022,4,5,6,7,6,-1.9854,0.4697,0.411,0.6215
"Hedera helix aggr.",0.6868,0.0581,0.2013,0.0143,0.1051,4,5,6,6,5,-1.9026,0.4321,0.3307,-0.2479
"Helianthemum canum",0.4323,1.1404,0.3502,0.2376,0.173,9,2,1,9,7,0.1244,-0.9401,-1.9522,1.418
"Helianthemum nummularium",0.4733,0.912,0.2879,0.3884,0.1403,7.9167,3.4167,2.75,7.25,4.5833,-0.0274,-0.8309,-0.9077,-0.1996
"Helianthus tuberosus",0.6671,1.0424,0.201,0.5465,0.2743,8,6,8,7,7,0.4895,0.5685,1.0716,1.0932
"Helichrysum arenarium",0.4231,1.3497,0.3173,0.5682,0.3084,8,2,2,5,6,0.7551,-0.1685,-1.8185,-0.9722
"Helictochloa pratensis",0.4967,1.3062,0.2985,0.7568,0.1568,7.5,3,2,6,6,0.5811,-0.4839,-1.3085,-0.3477
"Helictotrichon desertorum",0.4807,1.7415,0.428,0.8565,0.1722,9,1,2,7,8,1.2285,-0.4726,-2.3174,1.0754
"Hepatica nobilis",0.6847,0.0379,0.1965,0.0102,0.1011,4,5,5,7,6,-1.9684,0.3432,0.1472,0.4998
"Heracleum sphondylium",0.5623,0.6141,0.1608,0.467,0.2633,7.125,5.125,7.875,6.5,4.5,-0.0487,0.2129,1.1272,-0.2041
"Herniaria glabra",0.5503,1.6668,0.3154,0.501,0.3619,9,3,4,4,6,1.1693,0.5149,-1.2851,-1.2386
"Hesperis tristis",0.4828,1.0635,0.3349,0.4367,0.1569,8,3,3,8,8,0.1542,-0.5812,-1.2904,1.5997
"Hieracium bifidum",0.5187,0.3233,0.2317,0.0626,0.1099,8,4,3,8,5,-0.8616,-0.7136,-0.6353,0.368
"Hieracium lachenalii",0.6353,0.1404,0.2132,0.0687,0.1392,5,4.5,2.5,4,5,-1.5116,0.317,-0.9463,-1.664
"Hieracium laevigatum",0.5861,0.3179,0.2444,0.2228,0.202,5,5,3,4,5,-1.0312,0.1807,-0.7564,-1.655
"Hieracium maculatum",0.6761,0.0481,0.2029,0.032,0.1135,5,4,4,5,7,-1.7195,0.6342,-0.7334,-0.1576
"Hieracium murorum",0.6711,0.0533,0.2033,0.0211,0.1095,4.5,5,4,5,5,-1.7781,0.3414,-0.3089,-0.9751
"Hieracium racemosum",0.6866,0.026,0.204,0.0129,0.1073,5,4,3.5,4,6,-1.7579,0.6574,-0.9112,-1.0873
"Hieracium sabaudum",0.6667,0.0789,0.2049,0.0563,0.1202,5,5,4,4,6,-1.5631,0.493,-0.5373,-1.0485
"Hieracium umbellatum",0.5537,0.4254,0.2239,0.224,0.2206,7,4,3,6,6,-0.6283,0.0478,-0.8348,-0.3248
"Hierochloe repens",0.5484,1.3544,0.1486,0.6098,0.1832,6,3,3,5,5,0.1157,0.1936,-0.4672,-1.3286
"Himantoglossum adriaticum",0.5,0.8252,0.2636,0.472,0.0954,7,4,3,8,7,-0.2392,-0.7306,-0.6568,1.1766
"Hippocrepis comosa",0.4958,0.8291,0.3027,0.4313,0.1322,7,3,3,8,6,-0.2831,-0.6378,-0.9789,0.7833
"Hirschfeldia incana",0.8256,1.1352,0.2115,0.5704,0.4584,9,3,5,7,7,0.6322,1.9087,-0.493,0.5694
"Holcus lanatus",0.5107,1.2347,0.287,0.8171,0.2905,7,6,5,6,5.5,0.905,-0.3113,0.2108,-0.3427
"Holcus mollis",0.6071,0.3756,0.2025,0.2526,0.2339,6,5,4,3,5,-0.7035,0.5165,-0.5219,-2.069
"Holosteum umbellatum",0.5977,1.628,0.307,0.3683,0.4342,8.5,3,2.5,7,6,0.8205,0.5857,-1.2771,-0.1014
"Homogyne alpina",0.4922,0.2577,0.2049,0.0169,0.0843,5,6,2,3,3,-1.32,-0.6897,-0.5951,-3.0007
"Hordeum murinum",0.801,1.2902,0.1946,0.756,0.5249,8,4,5.5,7,7.1667,0.927,1.9475,0.0512,0.5696
"Hottonia palustris",0.3148,0.9711,0.05,0.0827,0.0602,6,11,6,6,6,-0.1678,-1.8665,2.4114,-0.1101
"Humulus lupulus",0.6465,0.2915,0.1873,0.0812,0.1229,6,7,8,6,6,-1.0411,0.1309,1.1989,0.3761
"Hydrocotyle vulgaris",0.3499,1.3188,0.2419,0.2586,0.1704,6,9,3,3,5,0.3642,-1.4043,0.2485,-2.2164
"Hylotelephium maximum",0.5974,0.2726,0.2222,0.1464,0.1698,7,4,3.5,5,5.5,-0.895,0.187,-0.8434,-0.8624
"Hylotelephium telephium",0.5677,0.4597,0.2136,0.2704,0.2286,7,4,4,6,6,-0.5431,0.1915,-0.5379,-0.217
"Hyoscyamus albus",0.8081,1.3503,0.1407,0.8302,0.5936,9,2,8,7,9,1.2439,2.739,0.2162,1.5144
"Hyoscyamus niger",0.8127,1.4838,0.1307,0.9323,0.5563,8,4,8.5,7,6,1.305,2.2356,1.2039,0.362
"Hypericum elegans",0.4985,1.2826,0.3743,0.6734,0.1776,8,3,3,8,7,0.5886,-0.6202,-1.2677,1.21
"Hypericum hirsutum",0.66,0.1332,0.192,0.0951,0.1175,7,5,6,6,6,-1.1137,0.2874,0.1475,0.1723
"Hypericum humifusum",0.6518,0.8581,0.2564,0.2884,0.3789,7,7,3,3.5,6,0.1384,0.6447,-0.5326,-1.6745
"Hypericum maculatum aggr.",0.5071,0.8019,0.1839,0.4776,0.2417,7.5,6,3,3.5,4,0.2639,-0.2609,-0.2379,-2.4232
"Hypericum montanum",0.6661,0.0788,0.2078,0.0503,0.1093,5,4,4,7,6,-1.7427,0.3038,-0.4089,0.3921
"Hypericum perforatum",0.559,0.6519,0.2428,0.4372,0.2171,7,4,4,6,5.5,-0.2254,0.0236,-0.5291,-0.3846
"Hypericum tetrapterum",0.4915,0.9008,0.2273,0.5306,0.1395,7,8,5,7,5,0.2408,-1.093,0.9661,0.0326
"Hypochaeris maculata",0.5238,0.8048,0.2794,0.5888,0.155,8,4,3,7,6,0.1672,-0.5287,-0.8067,0.2765
"Hypochaeris radicata",0.4887,1.4426,0.3393,0.7278,0.3563,8,5,3,4,5,1.2396,-0.1584,-0.9735,-1.7561
"Illecebrum verticillatum",0.658,1.6248,0.1976,0.1038,0.3873,8,7,3,3,6,0.6465,0.7782,-0.3399,-2.0316
"Impatiens glandulifera",0.6002,0.5198,0.1685,0.235,0.133,6,8,7,7,6,-0.6473,-0.3108,1.4842,0.6574
"Impatiens noli-tangere",0.6542,0.1839,0.1725,0.0605,0.108,4,7,7,7,5,-1.6272,0.0227,1.3187,0.2905
"Impatiens parviflora",0.6902,0.1567,0.1882,0.072,0.1415,4,5,6.5,7,5.5,-1.7501,0.5257,0.6147,0.4287
"Inula britannica",0.5554,1.4575,0.288,0.7638,0.1786,8,7,5,8,6,1.0022,-0.7865,0.6134,0.9352
"Inula conyzae",0.6243,0.2345,0.2314,0.1626,0.1254,6,4,3,7,6,-1.2556,0.0244,-0.737,0.2731
"Inula ensifolia",0.4718,0.7714,0.3003,0.2979,0.1396,8,3,3,8,7,-0.2313,-0.6747,-1.1544,1.1914
"Inula germanica",0.5306,0.7389,0.3205,0.4965,0.1457,8,3,3,8,7,-0.0733,-0.4647,-1.2006,1.2242
"Inula helenium",0.5707,0.7507,0.1804,0.5764,0.1582,7,5,6,7,5,-0.0561,-0.1751,0.6633,0.1253
"Inula hirta",0.5361,0.5738,0.2929,0.4113,0.1244,7,3,3,8,6,-0.5327,-0.4711,-0.9991,0.8061
"Inula oculus-christi",0.4743,1.092,0.3365,0.4027,0.169,9,2,3,8,8,0.2971,-0.4931,-1.5928,1.6065
"Inula salicina",0.5328,0.615,0.2503,0.5082,0.1359,7.5,5.5,3.5,8.5,6,-0.1412,-0.7903,-0.0604,1.035
"Iris aphylla",0.4713,1.1375,0.3203,0.5035,0.1372,8,3,2,8,7,0.2337,-0.7951,-1.3528,1.0648
"Iris graminea",0.6406,0.1153,0.2126,0.0787,0.1074,5,4,4,7,7,-1.6546,0.2572,-0.489,0.7965
"Iris humilis",0.4,2.1347,0.3667,0.2176,0.2143,9,2,2,7,8,0.9554,-0.6861,-1.9377,0.8988
"Iris pseudacorus",0.4365,0.6426,0.1614,0.3129,0.1152,6.5,9,7.5,6,6,-0.1358,-1.0667,1.7999,0.2248
"Iris pumila",0.465,1.1901,0.393,0.429,0.1824,9,2,2,9,8,0.3935,-0.7369,-1.9118,1.996
"Iris sibirica",0.4909,1.3635,0.2308,1.0932,0.1317,8,8,3,6,6,1.3793,-1.1689,0.4467,-0.2931
"Iris variegata",0.5595,0.303,0.2466,0.1702,0.1111,6,3,4,8,7,-1.2215,-0.1365,-0.7145,1.3016
"Isatis tinctoria",0.6207,1.0574,0.2371,0.3686,0.3389,9,3,3,8,7,0.339,0.518,-0.9557,0.916
"Isolepis setacea",0.5864,1.7361,0.3358,0.2321,0.2753,7,8,3,4,5,0.664,-0.31,-0.3077,-1.7113
"Jacobaea aquatica",0.5186,1.3035,0.3452,0.7944,0.1839,7,8,4,5,6,0.9416,-0.8605,0.053,-0.5675
"Jacobaea erratica",0.5046,1.0504,0.3104,0.7233,0.1602,7,6.5,5.5,7,5,0.5183,-0.8958,0.4788,0.1762
"Jacobaea erucifolia",0.5289,1.3176,0.2242,0.8215,0.2541,7,5,4,8,6,0.7313,-0.3156,0.2136,0.6437
"Jacobaea vulgaris",0.4958,1.3631,0.292,0.6279,0.3217,8,4,4,7,6,0.8652,-0.1666,-0.5236,0.1886
"Jasione montana",0.4478,0.8267,0.3099,0.325,0.3071,8,2,2,3,5,0.1574,0.0955,-2.1218,-2.2893
"Jovibarba globifera",0.3769,0.9197,0.2793,0.0582,0.1839,9,2,2,7.3333,6,-0.1197,-0.8638,-1.6278,0.2605
"Juglans regia",0.6977,0.1006,0.1939,0.0331,0.1284,6,5,7,7,7,-1.4355,0.5543,0.4482,1.1596
"Juncus acutiflorus",0.4519,1.5634,0.2779,0.8254,0.1671,8,8,3,4,5,1.3768,-1.1646,0.0546,-1.6499
"Juncus alpinoarticulatus",0.2382,1.4699,0.1274,0.4379,0.0663,8,9,2.5,7,5,0.8556,-2.5049,1.0863,-0.4062
"Juncus articulatus",0.4386,1.7322,0.3526,0.4925,0.1605,8,9,3,5,5,1.1834,-1.5642,0.0486,-1.1016
"Juncus atratus",0.4949,2.1055,0.2624,0.8574,0.1403,8,9,4,7,7,1.6916,-1.2853,0.8945,0.68
"Juncus bufonius aggr.",0.6505,1.8312,0.3206,0.2796,0.3836,8,7.75,4.25,4.625,5.5,1.0483,0.2962,-0.028,-1.1686
"Juncus bulbosus",0.237,1.3249,0.1298,0.137,0.147,6,10,3,4,6,0.3075,-1.9095,0.9722,-1.4772
"Juncus capitatus",0.514,1.9151,0.227,0.1954,0.3132,8,8,3,4,7,1.0384,-0.2376,-0.06,-1.0883
"Juncus compressus",0.5327,1.4387,0.464,0.6397,0.1813,8,8,5,7,5,1.0356,-1.2468,0.0621,0.26
"Juncus conglomeratus",0.4993,1.2293,0.2382,0.7569,0.1625,7,8,4,4,5,0.8224,-0.8046,0.4259,-1.549
"Juncus effusus",0.5061,0.8416,0.251,0.4743,0.16,7,8,4,5,5,0.207,-0.8665,0.3487,-1.0303
"Juncus filiformis",0.3961,1.0776,0.1809,0.4679,0.1697,7,8,3,3,4,0.4944,-1.1192,0.2898,-2.6427
"Juncus gerardi",0.4809,2.1888,0.4782,0.2008,0.1916,8,7.5,4.5,7.5,6,1.0708,-1.3659,-0.2345,0.7755
"Juncus inflexus",0.4797,1.2809,0.3615,0.766,0.1263,7,8,5,8,5,0.776,-1.5118,0.6883,0.656
"Juncus subnodulosus",0.3431,1.478,0.1707,0.4407,0.138,7.5,8,3,9,6,0.6618,-1.8764,0.9616,0.9962
"Juncus tenuis",0.5709,1.0512,0.4051,0.5713,0.2856,6,6,5,5,6,0.3206,-0.0515,-0.487,-0.4602
"Juniperus communis subsp. communis",0.5983,0.2054,0.2289,0.0641,0.1224,7.9167,4,2.5,5.3333,4,-0.9501,-0.1835,-1.0308,-1.3575
"Jurinea mollis",0.4533,1.0523,0.3453,0.3404,0.1601,8,2,3,9,7,-0.0261,-0.7319,-1.3803,1.6782
"Kickxia elatine",0.8126,1.643,0.1794,0.528,0.7299,7,5,6,7,7,1.043,2.5197,0.5035,0.2706
"Klasea lycopifolia",0.4889,1.5437,0.26,0.8962,0.148,7,3,4,8,7,0.7556,-0.4877,-0.3911,1.1968
"Knautia arvensis",0.5227,1.1242,0.1968,0.8588,0.277,7,4.1,4,6.6,5.7,0.6542,0.0052,-0.0588,-0.1805
"Knautia drymeia",0.6123,0.2347,0.1942,0.1743,0.1525,5,5,5,6,6,-1.2779,0.2215,0.0653,-0.0426
"Knautia kitaibelii",0.4954,1.1289,0.246,0.6475,0.1798,7,4,4,6,6,0.3493,-0.3376,-0.4181,-0.1819
"Knautia maxima",0.5564,0.3348,0.197,0.1478,0.128,5,6,5,6,4,-1.1659,-0.365,0.4782,-0.8422
"Koeleria glauca",0.4184,0.8731,0.2617,0.3845,0.3585,8,2,2,7,7,0.222,-0.0569,-1.5699,0.2866
"Koeleria macrantha",0.4668,1.4386,0.3388,0.59,0.2141,8,3,2,8,6,0.6439,-0.7186,-1.2772,0.5755
"Koeleria pyramidata",0.4939,1.322,0.3024,0.8155,0.1458,7,4,3,7,6,0.5963,-0.6951,-0.6753,0.2563
"Krascheninnikovia ceratoides",0.4761,2.007,0.4357,0.3488,0.2162,9,2,3,9,8,0.9237,-0.6251,-1.7311,2.0804
"Lactuca muralis",0.6956,0.0431,0.1925,0.0169,0.1126,4,5,6,6,5.5,-1.9083,0.5394,0.3195,-0.0625
"Lactuca perennis",0.5166,0.5839,0.2933,0.2012,0.1908,9,2,2,8,7,-0.3251,-0.2907,-1.738,1.0404
"Lactuca saligna",0.6548,1.2672,0.27,0.5371,0.3932,8,4,6,8,8,0.6448,0.8815,-0.0871,1.6552
"Lactuca serriola",0.7652,1.2264,0.1614,0.7034,0.5181,8.5,4,5,6,7,0.9606,1.8736,-0.0918,-0.0619
"Lactuca viminea",0.5082,0.7011,0.2736,0.1827,0.2062,8,3,3,7,7,-0.3321,-0.1919,-1.2347,0.6219
"Lamium album",0.6044,0.8458,0.1699,0.6484,0.2808,6,5,8,6,5,0.0844,0.5623,1.1346,-0.2573
"Lamium amplexicaule",0.8233,1.6443,0.168,0.4633,0.7529,7,4,7,7,6,0.9339,2.7691,0.6161,-0.0371
"Lamium galeobdolon",0.6885,0.0568,0.1846,0.0126,0.103,3.25,6,7,6,5.25,-1.9837,0.4294,0.8943,-0.054
"Lamium maculatum",0.6563,0.2574,0.178,0.1267,0.1331,4.5,6,8,7,5,-1.4158,0.2525,1.3033,0.4075
"Lamium purpureum",0.813,1.0921,0.1463,0.4162,0.7144,7,5,7,7,5,0.5152,2.4601,0.9158,-0.3912
"Lappula squarrosa",0.6696,1.4152,0.2171,0.605,0.3706,8,3,6,7,6,0.7084,1.0407,-0.0213,0.3336
"Lapsana communis",0.7278,0.3636,0.1722,0.2138,0.3707,5,5,7,6,6,-0.9384,1.4301,0.6099,-0.0438
"Larix decidua",0.6602,0.0688,0.2004,0.0123,0.1167,7.5,4,3.5,5,4,-1.2368,0.2122,-0.7454,-1.401
"Laser trilobum",0.6647,0.0747,0.2101,0.045,0.1016,6,4,4,8,6,-1.5912,0.1272,-0.3545,0.8938
"Laserpitium latifolium",0.5577,0.3257,0.2239,0.1747,0.1114,6,5,4,8,5,-1.0935,-0.5343,0.011,0.4541
"Laserpitium prutenicum",0.4683,0.8749,0.2344,0.6516,0.1522,6,7,3,7,6,0.1103,-1.019,0.2357,0.16
"Lathyrus hirsutus",0.6618,1.0219,0.2327,0.6144,0.3882,7,4,6,7.5,6,0.3397,0.9045,0.2034,0.5746
"Lathyrus latifolius",0.5972,0.3704,0.236,0.3093,0.1472,7,4,5,8,7,-0.7312,-0.015,-0.2216,1.3923
"Lathyrus niger",0.688,0.0261,0.2019,0.021,0.1028,5,4,4,7,6,-1.8442,0.3881,-0.4074,0.3997
"Lathyrus palustris",0.4361,1.0493,0.1783,0.65,0.1296,7.5,8,3.5,7.5,6,0.5623,-1.3657,0.8274,0.4199
"Lathyrus pannonicus",0.5311,0.6337,0.2688,0.5542,0.1285,6.3333,4,3,8,7,-0.3936,-0.4896,-0.6598,1.155
"Lathyrus pratensis",0.5255,1.2033,0.1749,0.9674,0.2638,7,6,6,6.5,5,0.9546,-0.1954,1.0434,-0.2791
"Lathyrus sylvestris",0.6104,0.3348,0.1998,0.2365,0.1694,7,4,4,7,6,-0.8261,0.133,-0.3923,0.3222
"Lathyrus tuberosus",0.7045,1.5319,0.1751,0.6119,0.5115,7,4,5,8,6,0.7503,1.3923,0.3167,0.4449
"Lathyrus vernus",0.6953,0.0234,0.1916,0.0081,0.1025,4,5,5,7,6,-1.9911,0.3986,0.1608,0.4953
"Leersia oryzoides",0.4654,1.3552,0.1082,0.1481,0.1933,7,9,8,7,6,0.2934,-0.7509,2.2874,0.5706
"Lembotropis nigricans",0.6006,0.2192,0.2329,0.1333,0.1202,6,4,3,6,6,-1.2497,0.0109,-0.8711,-0.1961
"Lemna minor",0.2748,1.377,0.0525,0.1564,0.0695,7,11,6,6,5,0.4358,-2.1479,2.5245,-0.5402
"Lemna trisulca",0.2584,1.5499,0.0271,0.0816,0.0386,7,12,6,7,6,0.4716,-2.4218,2.9179,0.3186
"Leontodon hispidus",0.4865,1.2852,0.2274,0.777,0.252,7.5,5,6,6.5,5,0.8761,-0.3399,0.5413,-0.203
"Leonurus cardiaca",0.7087,0.746,0.1756,0.6006,0.305,7,5,8,7,6,0.0694,0.9799,1.0327,0.6425
"Leopoldia comosa",0.6445,0.601,0.2567,0.3564,0.2876,7,3,4,7,7.5,-0.4164,0.7425,-0.9213,0.8579
"Leopoldia tenuiflora",0.5161,0.7871,0.3176,0.4148,0.1865,7,3,3,8,8,-0.2567,-0.2781,-1.2278,1.5545
"Lepidium campestre",0.6324,0.9839,0.2316,0.5606,0.3395,7,4,5,8,6,0.183,0.5553,0.0214,0.7323
"Lepidium draba",0.7518,1.3537,0.1802,0.717,0.4839,8,4,6,7,7,0.9211,1.6722,0.2614,0.5811
"Lepidium ruderale",0.7754,1.8372,0.1755,0.9725,0.5264,9,4,6,7,6,1.7596,1.7357,0.4479,0.1127
"Leucanthemum adustum",0.4701,0.5388,0.2476,0.1403,0.1178,7,5,5,7,5,-0.6331,-0.8117,0.0217,0.1163
"Leucanthemum vulgare aggr.",0.5108,1.2985,0.1943,0.9626,0.3024,7.1667,4.5,4.1667,6,5,1.01,-0.0307,0.1171,-0.7702
"Leucojum aestivum",0.5717,0.4571,0.2007,0.3358,0.1334,6,8,7,7,8,-0.5212,-0.3354,1.2156,1.5036
"Ligularia sibirica",0.4414,0.6589,0.171,0.2756,0.1196,7,9,4,7,5,-0.1608,-1.4302,1.0844,-0.1415
"Ligustrum vulgare",0.6581,0.101,0.2066,0.0236,0.1023,6,4,5,7,6,-1.5421,0.2597,-0.2238,0.5411
"Lilium bulbiferum",0.6608,0.0893,0.2027,0.0614,0.1137,7,5,3.5,7,5,-1.2648,-0.037,-0.3085,-0.0597
"Lilium martagon",0.6661,0.0658,0.1905,0.0225,0.1015,4,5,5.5,7,5,-1.9172,0.229,0.3871,0.1476
"Limosella aquatica",0.7412,1.9151,0.2234,0.0528,0.3557,8,8,6,6,6,0.689,0.7185,0.9023,-0.1706
"Linaria genistifolia",0.5044,0.8097,0.3008,0.3041,0.2333,8,2,2,5,7,-0.0888,0.0919,-2.0146,-0.4527
"Linaria vulgaris",0.633,1.0035,0.1832,0.6248,0.3455,8,4,5,7,6,0.4888,0.6904,0.0528,0.2101
"Lindernia procumbens",0.7135,1.8289,0.162,0.0405,0.3819,9,8,6,7,7,0.8314,0.703,1.1168,0.6205
"Linum austriacum",0.5037,1.5801,0.3761,0.6585,0.2002,9,3,2,8,7,0.9819,-0.6488,-1.5325,1.0542
"Linum catharticum",0.4704,1.5956,0.294,0.8027,0.1843,7,5,2.5,7,5,0.8876,-0.9173,-0.4027,-0.2946
"Linum flavum",0.4752,1.37,0.316,0.64,0.1277,8,3,3,8,7,0.5422,-0.7629,-1.0145,1.1838
"Linum hirsutum",0.4686,1.2902,0.3486,0.5093,0.1479,9,3,3,8,8,0.5961,-0.7468,-1.3403,1.625
"Linum perenne",0.4685,1.8329,0.3167,0.5534,0.1767,7.5,3,2,8,7,0.7136,-0.6895,-1.1774,0.9565
"Linum tenuifolium",0.4979,0.9631,0.3357,0.4299,0.1584,9,2,2,8,8,0.185,-0.4773,-1.8499,1.5026
"Lipandra polysperma",0.7838,1.6236,0.166,0.5065,0.6514,6.5,6,8,6,6,0.9457,2.2256,1.268,-0.2951
"Liparis loeselii",0.2823,1.4469,0.1731,0.3291,0.1361,8,9,3,7,5,0.796,-2.166,0.9666,-0.3554
"Lithospermum officinale",0.5777,0.4678,0.2303,0.2298,0.1503,6,4,5,8,6,-0.9402,-0.0971,-0.0578,0.9497
"Lolium multiflorum",0.685,1.5807,0.2246,0.7697,0.5222,7,4,7.5,7,6.5,1.0922,1.5195,0.6116,0.5381
"Lolium perenne",0.5633,1.722,0.4331,1.0717,0.3842,8,5,6,7,5,1.7701,-0.0883,-0.1319,0.1294
"Lonicera caprifolium",0.6952,0.0194,0.2005,0.0017,0.0993,6,4,5,8,7,-1.6906,0.3926,-0.1869,1.4264
"Lonicera nigra",0.6893,0.024,0.1933,0.002,0.0987,3,6,4,5,4,-2.0993,0.2656,0.1217,-1.4045
"Lonicera xylosteum",0.6928,0.0459,0.1903,0.0028,0.1015,4,5,6,7,6,-1.964,0.4414,0.4104,0.6214
"Lotus borbasii",0.485,1.4665,0.3184,0.6846,0.1429,8,3,3,8,7,0.6691,-0.6911,-0.9992,1.1649
"Lotus corniculatus",0.4995,1.137,0.2773,0.6656,0.2555,7,4,3.5,7,5,0.4395,-0.3599,-0.4635,-0.2227
"Lotus maritimus",0.4526,1.8595,0.3036,1.0726,0.1307,8,6,2.5,8.5,7,1.5466,-1.3696,-0.1123,1.2858
"Lotus pedunculatus",0.4994,1.5894,0.2637,0.8702,0.2008,7,8,4,4,5,1.2545,-0.757,0.4128,-1.5859
"Lotus tenuis",0.5083,1.8108,0.4168,0.5789,0.2034,7,7,6,8,6,0.9821,-0.9987,0.4132,1.1394
"Lunaria rediviva",0.6867,0.0984,0.1466,0.0186,0.1014,4,6,8,7,5,-1.8304,0.3758,1.3975,0.4123
"Lupinus polyphyllus",0.584,0.8452,0.1868,0.5292,0.2874,7,5,6,4.5,5,0.2002,0.4704,0.309,-1.1994
"Luzula campestris aggr.",0.4772,1.0532,0.2524,0.5872,0.269,6.9,4.6667,2.8167,3.5667,4.6667,0.4441,-0.1818,-0.7991,-2.1194
"Luzula luzuloides",0.6521,0.0823,0.2017,0.0271,0.1128,4.5,5,3.8333,3,4.3333,-1.6725,0.4107,-0.5248,-2.2234
"Luzula pilosa",0.6913,0.05,0.1995,0.012,0.1269,2.5,5,4,4.5,5,-2.1731,0.6263,-0.2466,-1.2663
"Luzula sylvatica",0.6368,0.0816,0.1977,0.0161,0.0984,4,5,4,3,4,-1.7909,0.3249,-0.4086,-2.3366
"Lycium barbarum",0.7292,0.7762,0.1911,0.4648,0.3233,8,5,7,7,7,0.138,1.0714,0.5458,0.9331
"Lycopodium annotinum",0.6587,0.0506,0.1953,0.0032,0.1042,3,6,3,2,4,-1.9626,0.3897,-0.4875,-2.9644
"Lycopsis arvensis",0.8513,1.9295,0.1241,0.3525,0.8189,7.5,4,5,4,6,1.208,3.2943,-0.0898,-1.8497
"Lycopus europaeus",0.461,0.6928,0.1647,0.2557,0.1353,6,9,7,7,6,-0.3024,-1.0122,1.8033,0.6069
"Lycopus exaltatus",0.5494,1.0205,0.2139,0.425,0.1835,7,8,6,7,7,0.2307,-0.5078,1.0663,0.904
"Lysimachia nemorum",0.6353,0.2001,0.1887,0.0883,0.1183,2,7,6,5,4,-1.9065,0.1124,0.9805,-1.2189
"Lysimachia nummularia",0.5512,0.6417,0.2074,0.4332,0.1762,4.5,6.5,6,6,6,-0.6013,-0.1457,0.789,0.0205
"Lysimachia punctata",0.6434,0.1856,0.1934,0.1403,0.1377,6,6.5,5.5,6,6,-1.0958,0.0821,0.4531,0.0555
"Lysimachia thyrsiflora",0.3599,0.7215,0.1198,0.2235,0.1242,6.5,9,4,4,5.5,-0.1103,-1.3156,0.9236,-1.4556
"Lysimachia vulgaris",0.4804,0.6417,0.1651,0.3296,0.1302,6,8,6,5,5,-0.3047,-0.7464,1.1704,-0.8524
"Lythrum hyssopifolia",0.6422,1.6485,0.2202,0.1474,0.3431,8,7,6,5,7,0.6707,0.593,0.4847,-0.2225
"Lythrum portula",0.5859,1.7666,0.1649,0.0601,0.2902,8,8,5,4,6,0.6864,0.1379,0.6742,-1.2613
"Lythrum salicaria",0.4354,0.9551,0.1731,0.4382,0.1372,7,8.5,6,6,5,0.2865,-1.1569,1.4148,-0.3929
"Lythrum virgatum",0.5158,1.5025,0.1777,0.6344,0.1566,8,8,6,7,6,0.9666,-0.8168,1.3905,0.4641
"Malus pumila",0.6754,0.2187,0.1938,0.128,0.174,5.5,5,5,7,6,-1.3063,0.4216,0.1258,0.4269
"Malus sylvestris",0.6848,0.0536,0.198,0.0193,0.1123,7,5,5,7,6,-1.3312,0.2227,-0.0348,0.5397
"Malva alcea",0.5852,1.2442,0.1893,0.8807,0.3073,8,4,6,7,6,0.9533,0.406,0.4021,0.3649
"Malva moschata",0.516,1.5719,0.1663,1.0308,0.3631,8,4,6,7,6,1.4789,0.2912,0.6049,0.2393
"Malva neglecta",0.8244,1.762,0.1464,0.9621,0.6789,8,5,9,7,6,1.7606,2.4757,1.5301,0.2852
"Malva sylvestris",0.8111,1.4109,0.1746,0.8945,0.4997,8,4,8,7,6,1.1464,1.9836,0.8912,0.419
"Malva thuringiaca",0.606,0.9411,0.2299,0.6162,0.1753,7,4.5,6.5,7,6,0.1077,0.1015,0.4193,0.63
"Marrubium peregrinum",0.5847,1.4179,0.3333,0.6733,0.238,9,3,6,8,8,0.9185,0.1435,-0.5291,1.9056
"Marrubium vulgare",0.7554,1.1712,0.2102,0.5341,0.3832,9,4,8,8,7,0.6667,1.3439,0.6156,1.4904
"Matricaria chamomilla",0.743,1.7697,0.2203,0.6407,0.624,7,5,5.5,5.5,6,1.2284,1.9127,0.2014,-0.7601
"Matricaria discoidea",0.7564,2.0864,0.2241,0.8328,0.5644,8,5,7,6,5,1.7674,1.6814,0.7464,-0.6642
"Medicago falcata",0.5198,1.3164,0.2914,0.7462,0.1952,8,3,3,8,6,0.6562,-0.4377,-0.8331,0.6879
"Medicago lupulina",0.5873,1.346,0.2374,0.8236,0.346,7,4,4,7.5,5,0.7702,0.2691,-0.0739,-0.0691
"Medicago minima",0.61,1.3135,0.3314,0.3969,0.3182,9,3,3,7,7,0.595,0.3597,-1.4011,0.5601
"Medicago monspeliaca",0.721,1.5244,0.3546,0.3373,0.3773,9,2,2,8,8,0.5428,1.0015,-1.9425,1.2799
"Medicago prostrata",0.4695,1.1779,0.3522,0.3404,0.1858,9,2,2,8,8,0.3018,-0.5414,-1.9008,1.4703
"Medicago x varia",0.5652,1.8294,0.1732,1.1549,0.3378,8,4,4,7,6,1.6759,0.2869,0.1665,0.0097
"Melampyrum arvense",0.5373,1.1671,0.2882,0.6682,0.2074,7,3,4,8,7,0.2897,-0.1404,-0.6561,1.1991
"Melampyrum cristatum",0.5846,0.3223,0.2504,0.2686,0.1137,6,3,3,7,7,-1.1037,0.0018,-1.07,0.7055
"Melampyrum nemorosum aggr.",0.6452,0.1285,0.2034,0.0899,0.1199,5,4,4,6,6,-1.5993,0.3471,-0.4912,-0.1056
"Melampyrum pratense",0.6574,0.0955,0.2032,0.0297,0.1369,5,5,2,3,5,-1.5594,0.4218,-1.0587,-2.207
"Melampyrum sylvaticum",0.6522,0.0659,0.201,0.018,0.1029,5,5,2,2,4,-1.6095,0.3353,-1.0947,-3.0473
"Melica ciliata aggr.",0.5012,0.7599,0.2959,0.1786,0.1944,8.6667,1.3333,2.3333,7.6667,7.6667,-0.299,-0.1417,-1.8714,1.1757
"Melica nutans",0.6855,0.0547,0.1932,0.0171,0.1092,4,4.5,3.5,6,6,-1.9664,0.459,-0.4373,-0.1781
"Melica picta",0.6567,0.1199,0.2141,0.061,0.1147,5,4,4,7,7,-1.6769,0.3423,-0.5045,0.7926
"Melica transsilvanica",0.513,0.8883,0.2985,0.317,0.1837,7,3,4,7,7,-0.2639,-0.1859,-0.9614,0.7775
"Melica uniflora",0.695,0.024,0.1965,0.0074,0.102,3,5,6,6,5,-2.1477,0.5154,0.4,-0.2636
"Melilotus albus",0.6876,1.3361,0.1737,0.6575,0.3144,9,4,4,7,6,0.8317,0.7275,-0.1521,0.1076
"Melilotus altissimus",0.5804,1.3719,0.2225,0.7691,0.2614,8,7,6,7,6,1.0616,-0.2021,0.9628,0.4294
"Melilotus dentatus",0.5024,2.0774,0.446,0.7839,0.2099,8,6.5,5,7.5,6,1.5849,-1.0598,-0.0774,0.8033
"Melilotus indicus",0.7207,1.3559,0.2407,0.5441,0.3789,9,4,6,7,8,0.8475,1.201,-0.1505,1.1851
"Melilotus officinalis",0.6744,1.3868,0.1972,0.7671,0.3223,8,4,5,7,6,0.8391,0.7513,0.0966,0.2339
"Melittis melissophyllum",0.685,0.0334,0.2021,0.0195,0.0998,6,4,4,7,7,-1.635,0.3913,-0.5482,0.823
"Mentha aquatica",0.395,1.0155,0.1931,0.3581,0.1278,7,9,7,7,5,0.2904,-1.4862,1.8148,0.2287
"Mentha arvensis",0.6151,1.3496,0.1876,0.5058,0.3926,6.5,7.5,6.5,5,5,0.6794,0.5307,1.1571,-1.0682
"Mentha longifolia",0.5331,1.0256,0.224,0.5484,0.1635,7,8,7.5,8,5,0.3461,-0.8194,1.7186,0.7956
"Mentha pulegium",0.5145,1.5099,0.3858,0.4148,0.1956,8,7,6,8,7,0.7731,-0.901,0.2964,1.5526
"Mentha x verticillata aggr.",0.5131,1.1622,0.2002,0.607,0.1373,6.5,7.5,6.5,5,5,0.4249,-0.6132,1.1644,-0.7716
"Menyanthes trifoliata",0.247,1.0813,0.1089,0.2338,0.1456,7.5,9.5,3,4,4,0.4864,-1.9938,0.9979,-2.2593
"Mercurialis annua",0.8178,1.2727,0.1829,0.6515,0.6358,7,4,7,7,7,0.7526,2.4676,0.4805,0.5435
"Mercurialis ovata",0.6513,0.0982,0.2091,0.0517,0.1009,5,4,5,7,7,-1.7002,0.345,-0.2465,0.9312
"Mercurialis perennis",0.6872,0.0507,0.1851,0.0135,0.1023,2.5,5,7,7.5,5,-2.2499,0.4335,0.9114,0.549
"Microrrhinum minus",0.7516,1.5545,0.1459,0.4634,0.6206,9,4,5,7,6,1.1217,1.9413,0.1248,-0.1459
"Milium effusum",0.6831,0.053,0.1904,0.012,0.1048,4,5.5,5.5,5.5,5,-1.8701,0.3856,0.3073,-0.5649
"Mimulus guttatus",0.5069,1.2393,0.159,0.3552,0.1762,7,9,6,6,5,0.3932,-0.8052,1.5897,-0.4649
"Minuartia glaucina",0.4238,1.6748,0.3286,0.3081,0.2136,9,2,2,8,8,0.6751,-0.6249,-1.7205,1.3654
"Minuartia rubra",0.4038,1.4535,0.3139,0.1638,0.229,9,2,2,9,7,0.3607,-0.7944,-1.5321,1.4112
"Minuartia setacea",0.3833,1.3333,0.3305,0.1706,0.2044,8,2,2,8,7,0.1124,-0.8221,-1.6733,0.9735
"Minuartia verna aggr.",0.3452,1.3916,0.282,0.095,0.1331,8.3333,3.1667,1.5,7,4.5,0.1364,-1.3869,-1.2585,-0.5647
"Minuartia viscosa",0.4567,2.0774,0.3748,0.4649,0.2546,8.5,2.5,2,4,6.5,1.2129,-0.239,-2.0332,-1.1557
"Moehringia trinervia",0.686,0.0827,0.1931,0.0231,0.1228,4,5,7,6,5,-1.8371,0.5429,0.6091,-0.1508
"Molinia caerulea aggr.",0.4668,0.5333,0.2066,0.2365,0.1512,6.5,7.0833,2.6667,5,5.6667,-0.435,-0.8249,-0.1419,-0.9677
"Montia fontana",0.3053,1.5984,0.1655,0.1397,0.2096,8,9,3,4,4,0.8492,-1.6271,0.6634,-2.2789
"Muscari neglectum",0.5153,0.8609,0.329,0.2723,0.2069,7,3,4,7,8,-0.2844,-0.0817,-1.1873,1.1942
"Myosotis arvensis",0.7546,1.3697,0.1557,0.4597,0.6659,6.5,5,6,5,6,0.7003,2.3015,0.4195,-1.0365
"Myosotis discolor",0.5456,1.1251,0.291,0.6252,0.4005,8,4,4,4,7,0.8615,0.6273,-1.0398,-0.8903
"Myosotis ramosissima",0.506,1.0212,0.2582,0.3432,0.3474,9,3,3,6,6,0.4779,0.1644,-1.1919,-0.4365
"Myosotis scorpioides aggr.",0.4728,0.9998,0.205,0.4323,0.1404,6.5357,8.1429,5.5714,5,5.4286,0.2012,-0.867,0.965,-0.7158
"Myosotis sparsiflora",0.6646,0.2328,0.1907,0.1171,0.1484,5,6,7,7,6,-1.3359,0.3057,0.8879,0.6923
"Myosotis stricta",0.5998,1.5146,0.2564,0.425,0.4984,8,3,2,6,6,0.7963,0.9423,-1.3014,-0.7716
"Myosotis sylvatica",0.6331,0.1582,0.1913,0.0752,0.1278,5.5,5.25,7,6,5,-1.3523,0.2281,0.6256,-0.1489
"Myosoton aquaticum",0.6209,0.7318,0.1754,0.307,0.2235,6,8,8,7,5,-0.3076,-0.0183,1.8194,0.2787
"Myosurus minimus",0.7683,1.929,0.1968,0.2844,0.5786,8,6,5,6,7,1.0863,1.7626,0.253,-0.1606
"Myrrhis odorata",0.5739,0.3095,0.1617,0.1057,0.1234,7,6,7,7,4,-0.865,-0.3359,1.0861,-0.1101
"Nardus stricta",0.395,1.2206,0.2892,0.299,0.1821,8,6,2,2,4,0.549,-0.9734,-1.0597,-3.1116
"Nasturtium officinale",0.303,1.2368,0.0821,0.1041,0.102,7,10,7,7,5,0.2319,-1.8851,2.4871,0.0817
"Neotinea tridentata",0.5148,0.9706,0.298,0.6495,0.1417,8,3,3,8,7,0.256,-0.5251,-1.021,1.1828
"Neotinea ustulata",0.4952,1.4052,0.2677,0.9468,0.1647,7,4,3,7,5,0.8034,-0.6709,-0.4043,-0.2151
"Neottia ovata",0.6139,0.2573,0.2019,0.1703,0.138,5.5,6,6.5,7,5,-1.1341,-0.0775,0.8086,0.2476
"Nepeta cataria",0.6438,1.0035,0.1908,0.586,0.2695,7,4,7,7,7,0.1749,0.7466,0.4788,0.9497
"Nepeta nuda",0.502,0.9451,0.2653,0.4729,0.1289,7.5,3,4,7.5,7,-0.0437,-0.4195,-0.7306,1.0389
"Neslia paniculata",0.852,1.6922,0.1419,0.4727,0.8082,7,4,5,7,6,0.9786,2.9696,0.2352,-0.3863
"Nigella arvensis",0.6149,1.5733,0.3188,0.7061,0.3216,8,3,3,8,7,0.8796,0.3277,-1.0343,0.9818
"Noccaea caerulescens",0.5022,1.0857,0.1731,0.7955,0.3016,7.5,5,4,5,5,0.8062,-0.0134,0.0516,-1.2743
"Noccaea perfoliata",0.5819,0.9221,0.2722,0.3452,0.3232,8,4,3,8,6,0.1099,0.1043,-0.7408,0.5528
"Nonea pulla",0.5454,1.7615,0.3216,0.8874,0.2155,8,3,4,8,6,1.1459,-0.2937,-0.6053,0.8043
"Ochlopoa annua",0.652,1.549,0.3742,0.7797,0.4572,7,6,8,6,5,1.244,0.7109,0.6082,-0.2359
"Ochlopoa supina",0.3979,1.239,0.3264,0.2533,0.2405,7.5,5.5,7.5,6,3.5,0.4337,-0.8901,0.5481,-0.7391
"Odontites luteus",0.5755,0.5416,0.3066,0.2374,0.1565,8,3,2,8,7,-0.5497,-0.2568,-1.5071,1.0867
"Odontites vulgaris aggr.",0.5662,1.683,0.3623,0.5522,0.3244,6,5.6667,5.3333,6,6,0.7184,0.0542,-0.0873,-0.0849
"Oenanthe aquatica",0.3935,1.2867,0.1214,0.1386,0.1526,7,10,7,7,6,0.3049,-1.3671,2.2351,0.4898
"Oenanthe fistulosa",0.4283,1.812,0.4047,0.5594,0.1047,7,9,5,7,7,1.0509,-1.7385,0.508,1.011
"Oenanthe silaifolia",0.5329,1.2606,0.2913,0.7707,0.1456,8,8,6,7,6,0.9691,-0.9577,0.9274,0.6366
"Oenothera biennis aggr.",0.626,1.3118,0.1851,0.5984,0.3386,9,4,4,6,7,0.887,0.7018,-0.4129,0.0146
"Omphalodes scorpioides",0.6845,0.1122,0.1627,0.0368,0.1034,4,6,7,7,6,-1.7999,0.3653,1.0176,0.7031
"Onobrychis arenaria",0.494,1.5037,0.3114,0.8047,0.158,8,3,3,8,7,0.8378,-0.6128,-0.9348,1.1396
"Onobrychis viciifolia",0.5038,1.5826,0.2576,1.0324,0.1889,8,4,4,8,6,1.2318,-0.5848,-0.0907,0.7577
"Ononis spinosa",0.5182,1.0753,0.2665,0.6984,0.2204,8,4,3,7,5.75,0.5605,-0.3858,-0.6633,0.0671
"Onopordum acanthium",0.787,1.4683,0.1443,0.9594,0.4145,9,4,8,7,7,1.3607,1.7138,0.9179,0.8901
"Ophioglossum vulgatum",0.4944,1.1441,0.2794,0.662,0.2359,6,7,3,7,6,0.4096,-0.7587,0.0861,0.1062
"Ophrys apifera",0.5098,1.1427,0.2908,0.8156,0.1479,7,4,3,8,6,0.4258,-0.6991,-0.5399,0.7293
"Ophrys holosericea",0.5072,1.2538,0.3029,0.9057,0.1183,8,4,3,8,7,0.7758,-0.7966,-0.6808,1.19
"Ophrys insectifera",0.5198,0.6632,0.2716,0.4957,0.1063,7,4,3,8,5,-0.3372,-0.7769,-0.5526,0.3827
"Orchis mascula",0.5707,0.389,0.2332,0.2676,0.152,6,4,3,7,6,-0.9431,-0.137,-0.6769,0.2254
"Orchis militaris",0.5114,0.9631,0.2775,0.7654,0.1143,7,4,2,8,7,0.1853,-0.7359,-0.8509,1.0383
"Orchis purpurea",0.6219,0.2165,0.2409,0.1814,0.1079,6,4,3,8,7,-1.2895,-0.0733,-0.7277,1.1821
"Origanum vulgare",0.5635,0.4812,0.2423,0.328,0.138,7,3,3,7.5,6,-0.7013,-0.1859,-0.9063,0.5037
"Orlaya grandiflora",0.562,0.9942,0.3016,0.4117,0.2397,8,3,4,9,7,0.0786,-0.0909,-0.7602,1.6845
"Ornithogalum orthophyllum",0.5196,0.9281,0.3164,0.4523,0.2295,8,2.5,2.5,7.5,7.5,0.1073,-0.1456,-1.5121,1.0127
"Ornithogalum pyramidale",0.6369,0.5673,0.241,0.4387,0.2577,8,4,3,7,7,-0.1427,0.3684,-0.8616,0.5553
"Ornithogalum sphaerocarpum",0.55,0.636,0.2154,0.4406,0.1925,6,5,5,7,6,-0.4151,-0.135,0.2011,0.3905
"Ornithogalum umbellatum",0.6098,0.4723,0.2192,0.3389,0.272,6,4,6,7,6,-0.6359,0.5284,0.1108,0.4622
"Orobanche alba",0.4949,0.9368,0.3317,0.4859,0.1608,8,3,3,8.5,7,0.0932,-0.6392,-1.1448,1.4364
"Orobanche alsatica",0.47,1.0213,0.3067,0.5184,0.1212,7,3,3,8,7,-0.0368,-0.7185,-1.0104,1.186
"Orobanche artemisiae-campestris",0.5378,1.0882,0.2044,0.3795,0.2283,8,3,3,7.5,7.5,0.1101,0.0574,-0.8219,0.9305
"Orobanche caryophyllacea",0.4696,0.9553,0.2582,0.4122,0.2306,8,3,3,8,6,0.1237,-0.4555,-0.8499,0.6221
"Orobanche elatior",0.4895,1.0124,0.2965,0.5611,0.1393,8,4,3,8,7,0.2705,-0.7652,-0.7941,1.1699
"Orobanche lutea",0.5149,1.5121,0.2557,1.0676,0.18,7,3,4,7.5,6,0.9514,-0.3253,-0.3213,0.5244
"Orobanche minor",0.5102,0.8318,0.2036,0.3378,0.2964,7,5,5,7,6,-0.0209,-0.0385,0.1892,0.2546
"Orobanche reticulata",0.4468,1.0383,0.2469,0.2436,0.1653,7,4,3.5,8,5,-0.2145,-0.8354,-0.3289,0.3079
"Orobanche teucrii",0.4737,1.4634,0.3523,0.6472,0.1668,8,2,2,8,6,0.5945,-0.7081,-1.5382,0.6501
"Orthilia secunda",0.6831,0.0372,0.1976,0.0034,0.1191,4,5,2.5,5,5,-1.9361,0.3718,-0.6296,-1.1913
"Oxalis acetosella",0.6824,0.0606,0.1896,0.0129,0.1074,1.5,5.5,6,4,5,-2.3041,0.687,0.396,-1.2579
"Oxalis corniculata",0.7664,0.7865,0.1897,0.5657,0.4745,7,4,6,7,7,0.1453,1.7684,0.1385,0.6287
"Oxalis dillenii",0.626,1.1742,0.278,0.3412,0.4648,7,5,7,7,7,0.3985,0.9565,0.2971,0.814
"Oxalis stricta",0.8125,1.1388,0.1402,0.4018,0.695,6.5,5,7,6,6,0.4407,2.6093,0.7709,-0.4588
"Oxybasis chenopodioides",0.5661,1.7011,0.2508,0.2296,0.2936,8.5,6.5,9,7.5,6.5,0.8557,0.0169,1.3491,1.2318
"Oxybasis glauca",0.8054,1.9742,0.2077,0.2956,0.5329,8,6,9,7,6,1.0644,1.8138,1.3868,0.4922
"Oxybasis rubra",0.771,1.816,0.2189,0.1745,0.4364,8,6.5,9,7,7,0.7679,1.4084,1.3358,1.0187
"Oxytropis pilosa",0.4889,1.3117,0.3617,0.5817,0.1655,9,2,2,8,7,0.6125,-0.6305,-1.7668,1.097
"Panicum capillare",0.8044,1.626,0.184,0.3424,0.479,8,4,6,6,7,0.6589,1.99,0.0494,0.104
"Papaver albiflorum",0.85,1.8861,0.115,0.2199,0.7381,7,4,4,7,7,0.7111,2.8457,-0.0078,-0.083
"Papaver dubium aggr.",0.7793,1.6015,0.1701,0.5014,0.6799,7,4,5,6.5,6.25,0.8762,2.3421,0.0683,-0.3509
"Papaver rhoeas",0.8284,1.7514,0.1501,0.5215,0.7363,7,4,6,7,6,1.0192,2.7103,0.4837,-0.1755
"Paragymnopteris marantae",0.3675,1.003,0.2876,0.3349,0.1704,9,1,2,7,9,0.2079,-0.5864,-2.0831,1.3387
"Parietaria officinalis",0.6724,0.2681,0.1842,0.1397,0.1553,5,6,7,7,7,-1.2809,0.4373,0.8417,1.0793
"Parnassia palustris",0.3174,1.1191,0.1944,0.3735,0.1189,8,8,2,7,4,0.4866,-2.0864,0.439,-0.8066
"Parthenocissus quinquefolia aggr.",0.6884,0.4151,0.1938,0.1751,0.1938,6,5,7,7,6,-0.9724,0.6031,0.6193,0.6594
"Pastinaca sativa",0.5821,1.4023,0.1585,0.979,0.3465,8,5,5,7,6,1.2612,0.3434,0.5682,0.1385
"Pedicularis palustris",0.2722,1.5358,0.1517,0.3764,0.1414,7.5,9,2,6,4,0.8257,-2.1713,0.8309,-1.4096
"Pedicularis sylvatica",0.3439,1.5604,0.2879,0.4563,0.1811,7,7,2,2,5,0.8744,-1.2215,-0.7271,-2.7636
"Persicaria amphibia",0.4027,1.6452,0.2097,0.4529,0.1928,7,10.5,5.5,6,5.5,1.0144,-1.4805,1.6958,-0.3404
"Persicaria dubia",0.6309,0.9395,0.2134,0.2556,0.2635,7,8,7,6,6,0.0562,0.1405,1.1728,0.0851
"Persicaria hydropiper",0.575,1.0339,0.2665,0.2962,0.271,7,8,7.5,5,6,0.293,-0.0305,0.9969,-0.2844
"Persicaria lapathifolia",0.7742,1.6125,0.1659,0.2888,0.5782,6.5,6.875,7.5,6,6,0.651,1.8548,1.2996,-0.2854
"Persicaria maculosa",0.7409,1.4584,0.2004,0.4543,0.5922,7,5,7,7,6,0.7383,1.8059,0.7265,0.175
"Persicaria minor",0.5988,1.1112,0.1854,0.2402,0.2931,7,8,8,5,6,0.2653,0.2821,1.4318,-0.3451
"Petasites albus",0.6548,0.1237,0.1735,0.0493,0.1046,4,6.5,5.5,6,4,-1.7181,0.0293,0.782,-0.7674
"Petasites hybridus",0.5682,0.6061,0.1542,0.3062,0.1253,7,8,8,7,5,-0.2827,-0.5182,1.8498,0.3795
"Petrorhagia prolifera",0.5553,1.402,0.3296,0.5109,0.3059,8,3,3,5,7,0.6834,0.337,-1.518,-0.4076
"Petrorhagia saxifraga",0.5353,0.8812,0.3274,0.2816,0.2053,9,2,1.5,6,7,0.0353,-0.0736,-2.1759,0.0371
"Peucedanum alsaticum",0.5308,0.8909,0.2818,0.6781,0.1377,7,4,3,8,7,0.0703,-0.5358,-0.6733,1.1543
"Peucedanum arenarium",0.4267,1.2566,0.2508,0.2699,0.2984,8,3,3,8,7,0.3066,-0.3547,-0.8886,0.9096
"Peucedanum cervaria",0.5767,0.3556,0.2516,0.2806,0.109,7,3,3,7,6,-0.8722,-0.1702,-1.0408,0.322
"Peucedanum oreoselinum",0.5717,0.3824,0.2412,0.2566,0.1634,6,4,3,6,6,-0.9103,-0.0156,-0.8395,-0.2502
"Peucedanum palustre",0.4166,0.6102,0.1368,0.2431,0.1211,7,9,4,5,6,-0.146,-1.2024,0.8804,-0.7291
"Phalaroides arundinacea",0.4564,0.9321,0.2159,0.4292,0.1489,7,8,7,7,5,0.2262,-1.0772,1.478,0.2562
"Phegopteris connectilis",0.6789,0.0533,0.1899,0.0071,0.101,2,6,5,3,4,-2.1808,0.5313,0.1968,-2.2502
"Phelipanche arenaria",0.4696,1.3992,0.2538,0.4674,0.325,7.5,2.5,1.5,8,8,0.4676,-0.0444,-1.364,1.0873
"Phelipanche purpurea",0.529,0.7571,0.275,0.3374,0.2095,9,2,2,8,7,-0.0496,-0.1765,-1.601,0.9881
"Phleum alpinum aggr.",0.3734,1.0708,0.2743,0.1407,0.1626,7,5,4,4,3,-0.0405,-1.0469,-0.4233,-2.3136
"Phleum nodosum",0.565,0.8118,0.3132,0.5895,0.2668,7.5,4,5,7,6,0.2318,0.0281,-0.4553,0.4487
"Phleum phleoides",0.502,1.0275,0.3058,0.6123,0.1678,8,3,3,7,6,0.3294,-0.4917,-1.0954,0.2794
"Phleum pratense",0.5251,1.5606,0.3811,1.0729,0.3466,7,5,7,6,5,1.478,-0.0635,0.2414,-0.2487
"Phlomis tuberosa",0.5319,0.9573,0.3004,0.5941,0.1479,7,4,4,8,7,0.0582,-0.4725,-0.5215,1.2889
"Phragmites australis",0.3821,1.0782,0.166,0.3817,0.1487,7,10,6,7,5,0.4366,-1.636,1.9333,0.0316
"Physalis alkekengi",0.7032,0.1386,0.1917,0.0847,0.1523,5.5,6,7,7.5,7,-1.3778,0.4778,0.7979,1.3517
"Phyteuma nigrum",0.5399,0.6748,0.154,0.5764,0.2756,7,5,4,5,4,0.0959,0.0788,0.1,-1.6456
"Phyteuma orbiculare",0.4435,0.6484,0.251,0.2032,0.1227,7,5,3,7,4,-0.4954,-1.1015,-0.3483,-0.5584
"Phyteuma spicatum",0.6672,0.0772,0.1877,0.0462,0.12,6,5,5,6,5,-1.436,0.2581,0.04,-0.3803
"Picea abies",0.6767,0.0721,0.1943,0.0167,0.1195,5,6,4,4,4,-1.5767,0.2656,-0.1133,-1.8711
"Picris hieracioides",0.5898,0.9936,0.2038,0.6115,0.2458,8,4,5,7,6,0.3823,0.2083,-0.0107,0.3393
"Pilosella aurantiaca",0.4522,1.1467,0.2014,0.4414,0.241,8,5,4,4,3,0.5473,-0.4741,-0.1214,-2.461
"Pilosella auriculoides",0.5121,1.1691,0.275,0.8,0.2219,8,3,2,5,7,0.7401,-0.0595,-1.4745,-0.4968
"Pilosella bauhini",0.5241,0.7182,0.2804,0.4627,0.1776,8,3,3,7,7,-0.0589,-0.2411,-1.1791,0.6665
"Pilosella caespitosa",0.5323,0.9107,0.1778,0.6982,0.2853,8,5,4,6,5,0.5968,-0.0515,0.063,-0.7511
"Pilosella cymosa",0.5066,0.5981,0.2667,0.2731,0.1572,8,3,3,7,6,-0.375,-0.4014,-1.1097,0.2728
"Pilosella densiflora",0.552,1.1064,0.2867,0.9745,0.164,8,3,3,7,7,0.7325,-0.2284,-0.9957,0.6709
"Pilosella echioides",0.4678,1.3885,0.3725,0.6027,0.2014,8,2,1,6,7,0.6084,-0.448,-2.2197,-0.0317
"Pilosella floribunda",0.4613,1.3787,0.2886,0.6416,0.1987,8,5,4,3,4,0.9345,-0.5402,-0.5776,-2.3908
"Pilosella lactucella",0.4066,1.3129,0.2945,0.3525,0.201,7.5,6,2,4,5,0.5305,-0.9853,-0.8593,-1.7889
"Pilosella officinarum",0.4984,0.8743,0.3079,0.4817,0.2293,7,4,2,5,5,0.0714,-0.3473,-1.2908,-1.2786
"Pilosella piloselloides",0.5348,0.6817,0.263,0.3289,0.1865,8.5,4,3,8,6,-0.1135,-0.4679,-0.7495,0.7118
"Pimpinella major",0.5319,0.7542,0.1565,0.6003,0.2781,7,5,6,7,5,0.1661,0.0319,0.7606,-0.0449
"Pimpinella nigra",0.5047,0.9834,0.2832,0.6506,0.1447,7,3,3,6,6,0.131,-0.3651,-1.063,-0.2085
"Pimpinella saxifraga",0.5182,0.9552,0.2391,0.6819,0.227,7,3,2.5,6.5,5,0.197,-0.1658,-0.8725,-0.5806
"Pinguicula vulgaris",0.2305,1.462,0.14,0.4207,0.0867,8,8,2,7,4.5,0.7956,-2.4227,0.7168,-0.6755
"Pinus nigra",0.7298,0.1206,0.2116,0.0208,0.1682,7,3,2.5,8.5,6.5,-1.4634,0.5725,-1.0179,1.0972
"Pinus sylvestris",0.6672,0.154,0.2078,0.037,0.1818,6.5,5,2,5,5,-1.222,0.3079,-0.9154,-1.2817
"Plantago arenaria",0.5832,1.4068,0.2398,0.5047,0.4445,9,3,3,5,7,1.0057,0.9229,-1.2441,-0.6497
"Plantago lanceolata",0.5252,1.6104,0.279,0.965,0.3291,6.5,5,5,6,5,1.1915,-0.0289,0.1806,-0.6241
"Plantago major",0.6321,1.5297,0.367,0.7032,0.3972,7.375,5.875,5.5,5.375,5.625,1.1286,0.4534,-0.1572,-0.5391
"Plantago maritima",0.4792,2.0645,0.4362,0.1969,0.2397,8,7,5,8,6,0.9942,-1.1241,-0.0281,0.9831
"Plantago media",0.5092,1.4288,0.2774,0.9975,0.2248,7,4,4,7,6,0.9721,-0.3407,-0.2778,0.2632
"Platanthera bifolia",0.6379,0.1345,0.2113,0.0964,0.1244,6,5,4,6.5,6,-1.323,0.0797,-0.2847,0.1459
"Platanthera chlorantha",0.6291,0.1938,0.2202,0.1517,0.1272,6,6,4,7,6,-1.1567,-0.156,0.0017,0.3794
"Poa badensis aggr.",0.3604,1.3972,0.3074,0.1371,0.1774,9,2,2,9,7,0.2631,-1.1,-1.5051,1.457
"Poa bulbosa",0.5598,0.942,0.3579,0.3112,0.2947,8,3,3,6,7,0.1089,0.213,-1.6449,0.1453
"Poa chaixii",0.5797,0.2728,0.1989,0.1182,0.1496,6,6,4,3,4,-0.9554,-0.0204,-0.231,-2.3868
"Poa compressa",0.5898,0.9391,0.2502,0.4991,0.264,9,3,3,7.5,6,0.3486,0.1319,-0.9532,0.3796
"Poa nemoralis",0.6803,0.0763,0.1932,0.0293,0.1149,5,5,4.5,5.5,5,-1.6664,0.3621,-0.1124,-0.6838
"Poa palustris",0.519,0.9434,0.19,0.478,0.1678,6,8,7,6,5,0.0731,-0.5877,1.515,-0.2757
"Poa pratensis aggr.",0.529,1.1164,0.282,0.748,0.302,6.5,4.375,4.625,6.375,5.625,0.5213,0.0151,-0.2172,-0.1706
"Poa remota",0.6239,0.2901,0.182,0.0594,0.109,5,7,7,7,5.5,-1.3177,-0.1282,1.2058,0.5064
"Poa trivialis",0.5432,0.9103,0.3134,0.6188,0.2591,6,7,7,6,5,0.2939,-0.2992,0.8023,-0.2144
"Polemonium caeruleum",0.5364,0.7805,0.157,0.5276,0.1838,6,7,6,7,4,-0.1098,-0.5072,1.3601,-0.3719
"Polycnemum arvense",0.6494,1.5999,0.2753,0.3557,0.489,9,3,3,6,7,0.9454,1.1716,-1.2948,-0.1865
"Polycnemum majus",0.6829,2.1373,0.2658,0.6012,0.4439,9,3,3,7,7,1.4523,1.0664,-0.9713,0.2948
"Polygala amara",0.4139,0.7515,0.2467,0.1907,0.1222,8,4,2,8,4,-0.3256,-1.2798,-0.7177,-0.2093
"Polygala amarella",0.4279,1.2134,0.2279,0.8017,0.1336,8.5,8.3333,1.5,8.5,5,1.0247,-1.8556,0.4435,0.2911
"Polygala comosa",0.5018,1.3605,0.2649,1.0213,0.1754,8,3,3,8,6,0.9748,-0.5497,-0.6328,0.6741
"Polygala major",0.4776,1.2798,0.291,0.649,0.1253,8,3,3,8,7,0.4759,-0.7192,-0.9272,1.1632
"Polygala vulgaris",0.4854,1.1918,0.2607,0.6731,0.2347,7,4.5,2.5,3.5,5,0.5904,-0.2342,-0.9376,-2.014
"Polygonatum multiflorum",0.6984,0.0334,0.1897,0.0066,0.1048,3,5,5,6,6,-2.1552,0.5669,0.1046,-2e-04
"Polygonatum odoratum",0.6299,0.1454,0.2152,0.0627,0.1216,6.5,3,3,7,5.5,-1.4122,0.1502,-0.9379,0.0764
"Polygonum aviculare aggr.",0.7555,1.8409,0.2318,0.6375,0.5881,7.125,4.125,6.5,6,6,1.1861,1.9659,0.2607,-0.3367
"Polypodium vulgare",0.6523,0.0956,0.1989,0.0285,0.1242,5,4,3,5,5,-1.6854,0.371,-0.782,-1.1183
"Pontechium maculatum",0.4841,1.1969,0.3479,0.7091,0.1387,8,3,3,8,8,0.5285,-0.6728,-1.2391,1.6288
"Populus alba",0.6742,0.3153,0.1985,0.0598,0.1369,6.5,6.5,6,7,7,-1.0448,0.1797,0.5568,1.0077
"Populus nigra",0.6716,0.4275,0.2067,0.0738,0.1673,5,8,7,7,6,-1.0999,0.0823,1.305,0.6666
"Populus tremula",0.6705,0.115,0.2004,0.0442,0.1369,6.5,5,5,5,5,-1.2559,0.3706,-0.1622,-0.8506
"Portulaca oleracea",0.8271,1.7876,0.1544,0.6741,0.63,8,4,7,7,8,1.3036,2.5422,0.5479,0.9003
"Potamogeton natans",0.2488,1.6154,0.0188,0.0475,0.0298,6,11,6,6,5,0.2327,-2.2593,2.7426,-0.5773
"Potentilla alba",0.5671,0.4405,0.2206,0.4075,0.1704,6,4,4,7,6,-0.7106,-0.041,-0.3378,0.3151
"Potentilla argentea",0.5356,1.2953,0.285,0.723,0.2778,9,2,3,5,6,0.9423,0.2483,-1.4974,-0.8052
"Potentilla collina",0.4875,1.4159,0.2954,0.6911,0.2841,8,2,3,5,7,0.8552,0.1759,-1.538,-0.4312
"Potentilla erecta",0.4339,0.8873,0.2375,0.4518,0.1744,6,7,2.5,4,5,0.041,-0.895,-0.2367,-1.7579
"Potentilla heptaphylla",0.4948,1.051,0.278,0.6486,0.1586,7,3,4,8,6,0.1546,-0.5015,-0.5411,0.8382
"Potentilla incana",0.4372,1.2523,0.3298,0.3292,0.1766,9,2,2,8,7,0.3436,-0.7387,-1.7091,1.0383
"Potentilla inclinata",0.5284,1.3028,0.3149,0.6696,0.2349,9,3,4,6,7,0.9041,-0.0502,-1.1091,0.2771
"Potentilla norvegica",0.6803,1.1682,0.1975,0.327,0.324,7,6,5,5,6,0.1866,0.7893,0.2057,-0.7292
"Potentilla pusilla",0.5082,0.8564,0.3301,0.4355,0.1671,8,3,2,5,6,0.0647,-0.3456,-1.7643,-0.7535
"Potentilla recta",0.5393,1.0745,0.3218,0.5743,0.2133,8,3,3,7,7,0.3562,-0.1632,-1.2606,0.6547
"Potentilla reptans",0.5463,1.3076,0.265,0.7967,0.2836,6,6,5.5,7,6,0.6573,-0.1353,0.5613,0.3616
"Potentilla sterilis",0.6593,0.1118,0.2058,0.0744,0.1251,5,4,5,6,5,-1.6235,0.3975,-0.1896,-0.3796
"Potentilla supina",0.7693,1.6959,0.2206,0.2041,0.4159,7,7,7,6,6,0.5168,1.2389,0.972,-0.1018
"Potentilla tabernaemontani",0.4993,1.1051,0.3304,0.5499,0.208,8,3,2,6,6,0.3936,-0.383,-1.5689,-0.3443
"Prenanthes purpurea",0.6925,0.0194,0.1936,0.0049,0.102,4,5,6,5,4,-1.9271,0.4839,0.3089,-1.1268
"Primula acaulis",0.6687,0.0905,0.2066,0.0494,0.1208,5,5,5,7,6,-1.6418,0.2626,0.0686,0.5008
"Primula elatior",0.6306,0.1959,0.186,0.1026,0.1234,5.5,6,6.5,7,4.5,-1.2977,-0.0549,0.8812,0.0498
"Primula veris",0.5684,0.425,0.2224,0.3477,0.1654,7,4,3.5,7.5,6,-0.6199,-0.1718,-0.4827,0.5131
"Prunella grandiflora",0.5158,0.7059,0.2717,0.4977,0.1223,7,3,3,8,6,-0.3376,-0.5381,-0.8606,0.7701
"Prunella laciniata",0.5278,0.9422,0.3031,0.7083,0.1692,7,3,3,8,6,0.1223,-0.4322,-0.8952,0.7427
"Prunella vulgaris",0.5217,0.9304,0.2975,0.6759,0.2705,7,5,5,6.5,5,0.424,-0.264,-0.054,-0.2445
"Prunus avium",0.6946,0.0409,0.1967,0.0115,0.1086,5,5,5,7,5,-1.771,0.2812,0.1658,0.1069
"Prunus cerasifera",0.6604,0.229,0.2104,0.1133,0.1637,6,5,6,7,6,-1.191,0.3365,0.2729,0.5924
"Prunus domestica",0.6824,0.3772,0.1849,0.2005,0.2588,6,5,5,7,5.3333,-0.9172,0.6137,0.2214,0.0512
"Prunus fruticosa",0.4927,0.5537,0.2537,0.1594,0.1002,8,3,3,8,7.5,-0.6232,-0.5718,-1.0854,1.399
"Prunus mahaleb",0.6412,0.1554,0.2275,0.0497,0.1088,7,3,4,8,7,-1.3484,0.1851,-0.7782,1.3227
"Prunus padus",0.6958,0.1107,0.1943,0.0089,0.1116,5.3333,7.8333,5.6667,6.8333,4.6667,-1.4621,-0.0865,0.9913,-0.0412
"Prunus spinosa",0.6262,0.2257,0.2203,0.0908,0.1112,7,4,5,7,5.5,-1.1364,0.0375,-0.2496,0.3487
"Prunus tenella",0.4492,1.0536,0.3274,0.3249,0.1183,9,3,4,8,7,0.2109,-0.8728,-1.0167,1.3696
"Pseudopodospermum hispanicum",0.4994,1.2385,0.3678,0.665,0.1612,7,4,3,8,7,0.3874,-0.7391,-0.9577,1.2012
"Pseudoturritis turrita",0.6792,0.0631,0.1946,0.0247,0.1064,6,3.5,5.5,8,6,-1.6421,0.3754,-0.0594,1.0689
"Pteridium aquilinum",0.6442,0.1272,0.2096,0.0575,0.1291,6,5,3,3,5,-1.2844,0.3378,-0.8858,-2.0489
"Puccinellia distans",0.5205,2.0685,0.4214,0.3404,0.2812,9,6,5,7,6,1.3353,-0.6442,-0.3591,0.4766
"Pulicaria dysenterica",0.4994,1.3366,0.3229,0.601,0.1879,8,7,5.5,7,6,0.8612,-0.9019,0.4149,0.5554
"Pulicaria vulgaris",0.6495,1.8273,0.3813,0.367,0.2797,9,8,7,6.5,6,1.2342,-0.1776,0.6186,0.4815
"Pulmonaria angustifolia",0.5686,0.3646,0.2378,0.2594,0.1202,6,4,3,7,7,-1.0014,-0.1655,-0.7794,0.6715
"Pulmonaria mollis",0.6451,0.1513,0.2043,0.1147,0.1213,5.5,4.5,5,8,5,-1.4749,0.0383,0.1732,0.5702
"Pulmonaria obscura",0.6929,0.0477,0.1888,0.012,0.1024,4,6,7,7,6,-1.8707,0.3602,0.8924,0.742
"Pulmonaria officinalis",0.6948,0.0432,0.1885,0.01,0.1031,4,5,6,7,6,-1.9583,0.4561,0.4183,0.6181
"Pulsatilla pratensis",0.4795,0.8886,0.3201,0.3725,0.1768,8,3,2,7,6,-0.0101,-0.6101,-1.4822,0.1618
"Pulsatilla vulgaris",0.467,1.1955,0.3115,0.5101,0.1363,8.5,3,1.5,8,6.3333,0.3668,-0.9042,-1.3998,0.7252
"Pyrus communis",0.6644,0.0931,0.2082,0.0501,0.1189,6,4.8333,5,7.5,6,-1.4633,0.1626,0.0275,0.7586
"Quercus cerris",0.694,0.0186,0.2034,0.0078,0.1022,6,4,4,6,8,-1.6245,0.605,-0.7681,0.7547
"Quercus dalechampii",0.6918,0.0202,0.2132,0.0044,0.104,6,4,4,6,6,-1.6323,0.4391,-0.6437,-0.0431
"Quercus petraea",0.695,0.0312,0.2,0.0118,0.1167,6,4.75,4,5.5,6,-1.5436,0.4512,-0.4773,-0.314
"Quercus pubescens",0.6761,0.0714,0.2273,0.0315,0.1062,6.75,3.25,3,6.75,8,-1.4686,0.4432,-1.2113,1.0154
"Quercus robur",0.6903,0.0982,0.201,0.0331,0.1483,6.5,6,5,6,6,-1.2449,0.3205,0.0964,0.0137
"Ranunculus aconitifolius",0.5854,0.2887,0.1831,0.1291,0.1097,6,8,5,4,4,-0.8854,-0.4059,0.6718,-1.77
"Ranunculus acris aggr.",0.5075,1.4666,0.2593,1.0568,0.3028,7,6,5,6,5,1.3356,-0.3114,0.4712,-0.6071
"Ranunculus aquatilis",0.3475,1.6753,0.0542,0.043,0.0847,8,12,6,6,6,0.7295,-1.9248,2.6064,-0.1493
"Ranunculus auricomus aggr.",0.6019,0.3655,0.1846,0.3126,0.1584,5,6,6,6.5,5.5,-0.9581,0.0244,0.7443,0.0873
"Ranunculus bulbosus",0.5211,1.0055,0.2829,0.7908,0.2827,8,4,3,7,6,0.7074,-0.2154,-0.7449,0.1248
"Ranunculus flammula",0.4148,1.4166,0.268,0.4135,0.1533,7,9,2.5,3,5,0.7175,-1.3186,0.01,-2.2066
"Ranunculus illyricus",0.4859,1.118,0.3531,0.4859,0.1754,8,3,3,7,7,0.3005,-0.5273,-1.3853,0.7213
"Ranunculus lanuginosus",0.6726,0.1001,0.1858,0.0328,0.1061,3,6,7,7,5,-1.9949,0.2649,1.0662,0.3061
"Ranunculus lingua",0.2854,1.0185,0.0929,0.2894,0.111,7,10,6.5,6,6,0.3566,-1.8151,2.1353,-0.0348
"Ranunculus platanifolius",0.5948,0.1453,0.1842,0.0212,0.0977,5,6,7,6,4,-1.486,-0.1485,0.9367,-0.5466
"Ranunculus polyanthemos",0.5612,0.444,0.2196,0.3562,0.1739,5.6667,4.5833,4,6,5.25,-0.7579,-0.0723,-0.2541,-0.4765
"Ranunculus repens",0.5369,1.0273,0.3318,0.6097,0.266,6,7,7,7,5,0.3537,-0.4337,0.8705,0.2638
"Ranunculus sardous",0.5782,1.5748,0.413,0.6194,0.2726,8,8,7,7,6,1.2049,-0.5512,0.6605,0.7553
"Ranunculus sceleratus",0.4727,1.5916,0.2837,0.2624,0.1795,8.5,9,9,7,6,0.9419,-1.0658,1.8058,0.939
"Raphanus raphanistrum",0.8426,1.9195,0.1353,0.4028,0.7774,7,5,6,5,5,1.1566,2.8919,0.5951,-1.6055
"Rapistrum perenne",0.5602,1.2981,0.274,0.752,0.2125,8,3,5,8,7,0.668,-0.0171,-0.3776,1.3174
"Reseda lutea",0.6433,1.3819,0.2281,0.6097,0.3481,8,3,5,8,6,0.6419,0.7037,-0.1771,0.7142
"Reseda luteola",0.6912,1.413,0.1766,0.7706,0.3565,8,4,6,8,7,0.8746,0.9754,0.459,1.1774
"Rhamnus cathartica",0.6421,0.159,0.2044,0.0464,0.1058,7,4,4.5,8,5,-1.3045,-0.043,-0.1688,0.5499
"Rhinanthus alectorolophus",0.5036,1.56,0.1939,0.8699,0.2904,8,4,4,7,6,1.1801,-0.0959,-0.023,0.0936
"Rhinanthus angustifolius",0.531,1.7828,0.2244,0.8651,0.2875,7,5.5,2.5,7,5,1.1685,-0.3578,0.0141,-0.4993
"Rhinanthus minor",0.492,1.9442,0.2016,1.1135,0.3104,7,4,3.5,5,5,1.6022,0.0126,-0.1438,-1.3789
"Ribes uva-crispa",0.6944,0.1045,0.1812,0.0172,0.1179,4,6,6,6,5,-1.8021,0.3891,0.6486,-0.2939
"Robinia pseudoacacia",0.7594,0.1304,0.1999,0.0462,0.2011,5.5,4,7.5,6,6,-1.4912,1.2099,0.2833,0.2792
"Rorippa amphibia",0.3449,1.3968,0.1554,0.2374,0.1222,7,10,8,7,6,0.5277,-1.6594,2.4033,0.6779
"Rorippa austriaca",0.5607,1.6558,0.2656,0.626,0.2404,7,7,6,7,7,0.9074,-0.2792,0.7837,0.8658
"Rorippa palustris",0.6769,1.6589,0.2486,0.207,0.3336,7,9,7,6,6,0.6144,0.3141,1.3532,-5e-04
"Rorippa sylvestris",0.6248,1.5087,0.343,0.4931,0.3358,7,8,7,7,6,0.8304,-0.0168,0.934,0.5945
"Rosa canina aggr.",0.6207,0.241,0.2138,0.0937,0.125,7.5,4,4.5,7,5.25,-1.0112,-0.0069,-0.3503,0.1665
"Rosa gallica",0.5825,0.3167,0.24,0.2248,0.1234,7,4,4,7,7,-0.8638,-0.0949,-0.6293,0.8222
"Rosa marginata",0.5565,0.3352,0.2409,0.1026,0.0769,7,4,5,7,6,-1.0148,-0.3402,-0.3285,0.5932
"Rosa pendulina",0.6414,0.0687,0.1903,0.0095,0.0915,6,6,6,6,4,-1.4205,-0.085,0.5833,-0.6298
"Rosa rubiginosa aggr.",0.5878,0.3073,0.243,0.082,0.1139,7.6667,3.1111,3.7778,8,6,-1.0132,-0.1835,-0.7776,0.8941
"Rosa spinosissima",0.4773,0.5673,0.2631,0.1684,0.1622,8,4,3,8,6,-0.4463,-0.7285,-0.7674,0.7268
"Rubus caesius",0.605,0.365,0.1958,0.1319,0.1668,6,6,7,7,5,-0.9499,-0.0227,0.9298,0.2712
"Rubus fruticosus aggr.",0.6806,0.1195,0.1942,0.0406,0.136,6.7857,5.0714,4.75,5.25,5.2143,-1.2199,0.3726,-0.1876,-0.6784
"Rubus idaeus",0.6678,0.1256,0.1887,0.036,0.1197,6.5,5,6,5,5,-1.2663,0.3845,0.1284,-0.7182
"Rubus saxatilis",0.6624,0.0703,0.1952,0.0177,0.1103,6.5,5.5,4,7,5,-1.3951,-0.0422,-0.0275,-0.0106
"Rudbeckia laciniata",0.5817,0.6357,0.1969,0.3209,0.1541,7,8,7,7,6,-0.214,-0.4316,1.3567,0.6745
"Rumex acetosa",0.5126,1.4279,0.2292,1.0094,0.3088,7.5,5,6,5,5,1.3329,0.0428,0.425,-0.9778
"Rumex acetosella",0.5583,0.8965,0.2653,0.3904,0.3831,8.25,3,1.75,3,5.45,0.3662,0.6856,-1.8303,-2.2642
"Rumex aquaticus",0.4165,1.031,0.1574,0.4398,0.1257,7,8,8,7,6,0.3139,-1.0906,1.9063,0.7288
"Rumex arifolius",0.4869,0.3993,0.1921,0.0787,0.1177,6,6,6,6,3,-0.9358,-0.7345,0.772,-1.1123
"Rumex conglomeratus",0.5329,0.8795,0.3273,0.4332,0.159,7.5,7,8,7,6,0.2366,-0.6661,0.8973,0.9445
"Rumex crispus",0.5836,1.6044,0.2982,0.7113,0.3555,7,6.5,6.5,6,5,1.1104,0.122,0.6904,-0.4277
"Rumex hydrolapathum",0.2956,1.2804,0.118,0.4123,0.1107,7,10,7,7,6,0.6469,-1.9006,2.3568,0.5176
"Rumex maritimus",0.6707,1.6892,0.1887,0.0855,0.3057,8,9,8.5,7.5,6.5,0.6247,0.2357,2.0167,1.0754
"Rumex obtusifolius",0.5933,1.0495,0.2516,0.6403,0.318,7,6,8.5,6,5,0.5798,0.3276,1.1295,-0.1403
"Rumex palustris",0.5081,1.5516,0.2809,0.2948,0.2057,8,9,8,7,7,0.8399,-0.8017,1.5137,1.1822
"Rumex sanguineus",0.6672,0.173,0.1952,0.0646,0.1263,4,7,7,7,6,-1.6023,0.1648,1.139,0.7043
"Rumex stenophyllus",0.5428,1.4041,0.2488,0.4528,0.245,8,7,6,7.5,6.5,0.7418,-0.4271,0.8051,0.9059
"Rumex thyrsiflorus",0.5447,1.4298,0.194,0.9693,0.3137,8,4,4,6,7,1.233,0.3016,-0.2378,0.0162
"Sagina procumbens",0.5952,1.8977,0.4121,0.6509,0.3718,7,5.5,6,6,5,1.2236,0.1488,-0.092,-0.3865
"Salix alba",0.6519,0.4666,0.2044,0.0686,0.1426,5,8,7,7.5,6,-1.1104,-0.112,1.3903,0.9216
"Salix aurita",0.4839,0.5366,0.1757,0.14,0.172,6.5,8,3,4,5,-0.45,-0.703,0.1719,-1.7308
"Salix caprea",0.6564,0.2529,0.2036,0.0866,0.1479,7,6,6.5,6.5,5,-0.9429,0.1025,0.6127,0.0351
"Salix cinerea subsp. cinerea",0.4827,0.5391,0.1795,0.1324,0.17,6.5,9,4.5,5,5,-0.399,-0.8741,0.8729,-1.0632
"Salix euxina",0.642,0.4575,0.2048,0.0691,0.1335,5.5,8,6.5,6,5.75,-0.9806,-0.1021,1.075,0.0645
"Salix myrtilloides",0.3241,0.6872,0.1519,0.158,0.1245,7,9,2,3,4,-0.0707,-1.6492,0.2663,-2.7492
"Salix purpurea",0.569,0.7103,0.2338,0.107,0.1716,8,8,5,7.5,5,-0.2094,-0.7544,0.7633,0.2825
"Salix repens",0.3772,1.1115,0.2793,0.1699,0.2127,7.6667,7.3333,2.6667,5,5,0.3277,-1.2838,-0.2954,-1.2578
"Salix triandra",0.5776,0.7979,0.2336,0.0755,0.1773,7,8,6,7,5,-0.3534,-0.5514,1.0059,0.1458
"Salix viminalis",0.5863,0.7782,0.2306,0.079,0.171,7,8,6,7,6,-0.3747,-0.4548,0.9323,0.5559
"Salsola kali aggr.",0.616,2.0028,0.1449,0.1472,0.6948,9,3,7,7,7,1.2833,1.929,0.3087,0.3757
"Salvia aethiopis",0.6056,1.5125,0.3338,0.7581,0.2608,9,3,4,8,8,1.0533,0.1738,-0.9805,1.6207
"Salvia glutinosa",0.6878,0.0625,0.1852,0.0183,0.105,4,6,7,7,5,-1.8531,0.2776,0.9939,0.3293
"Salvia nemorosa",0.5369,1.4069,0.3315,0.7567,0.1882,7.5,3.5,4,8.5,7,0.6582,-0.418,-0.6124,1.4989
"Salvia pratensis",0.5072,1.2181,0.2489,0.8516,0.1994,7,3,4,8,6,0.5266,-0.3154,-0.3458,0.7492
"Salvia verticillata",0.5193,1.4487,0.265,0.7662,0.1824,7,4,5,7,6,0.6707,-0.3241,-0.0463,0.4224
"Sambucus ebulus",0.6966,0.777,0.1925,0.5352,0.2754,7,5,7,7,6,-0.0218,0.774,0.7173,0.5623
"Sambucus nigra",0.6882,0.1378,0.1899,0.0257,0.1252,6.5,5.5,8.5,6,5,-1.2386,0.4489,0.959,0.0725
"Sambucus racemosa",0.6986,0.0746,0.1911,0.0187,0.1214,6,5,7,5,4,-1.4371,0.5188,0.4494,-0.9912
"Samolus valerandi",0.4248,1.2217,0.2952,0.2031,0.1756,7,8,6,8,6,0.225,-1.3204,0.9503,1.0416
"Sanguisorba minor aggr.",0.5156,1.0124,0.2826,0.5714,0.1891,7,3,3,7,6,0.0793,-0.2882,-0.9629,0.2135
"Sanguisorba officinalis",0.4993,1.5488,0.1816,1.1484,0.2227,7,6.5,5,7,5,1.362,-0.6226,1.0781,-0.1482
"Saponaria officinalis",0.6625,0.8436,0.1734,0.4244,0.2616,7,5,6,7,6,-0.1107,0.5797,0.544,0.4135
"Saxifraga bulbifera",0.5372,0.5935,0.2565,0.4792,0.1832,8,3,3,6,7,-0.1076,-0.0366,-1.2283,0.1698
"Saxifraga granulata",0.5103,1.0483,0.184,0.6876,0.3305,7,4,3.5,5,6,0.5296,0.3034,-0.4403,-0.9543
"Saxifraga paniculata",0.3253,0.924,0.2406,0.0366,0.11,7,3,2,8,4,-0.5767,-1.4687,-0.8551,-0.2453
"Saxifraga rosacea",0.4657,0.9821,0.2111,0.2883,0.2108,7.5,4,2,7,5,-0.0671,-0.588,-0.7083,-0.4363
"Saxifraga tridactylites",0.5074,1.5234,0.3295,0.1779,0.3784,9,2,3,7,6,0.6044,0.1886,-1.551,0.0559
"Scabiosa canescens",0.4647,1.3915,0.3147,0.5641,0.1388,7,3,3,8,7,0.2965,-0.7176,-0.9662,1.1485
"Scabiosa columbaria aggr.",0.5131,0.9291,0.2852,0.6071,0.1624,8,3,3,8,5,0.1919,-0.5976,-0.8273,0.3394
"Scabiosa ochroleuca",0.4745,1.3308,0.2989,0.5773,0.1533,8,3,3,8,6,0.4677,-0.7359,-0.8919,0.733
"Schedonorus arundinaceus",0.5143,1.326,0.3131,0.805,0.2553,7.5,7,5.5,7,5.5,1.0524,-0.6693,0.569,0.2632
"Schedonorus giganteus",0.6723,0.169,0.1862,0.0587,0.1153,4,7,7,6,5,-1.6101,0.1935,1.131,-0.17
"Schedonorus pratensis",0.5177,1.7679,0.2721,1.3042,0.3266,7,5,6,6,5,1.7968,-0.0598,0.5462,-0.502
"Schoenoplectus lacustris",0.2525,1.7086,0.0902,0.3656,0.0913,8,10.5,6,8,6.5,1.0755,-2.3278,2.442,1.0266
"Schoenoplectus lacustris subsp. glaucus",0.3434,1.8255,0.2464,0.4478,0.1433,8,10.5,6,8,6.5,1.2882,-2.0636,1.8267,1.1673
"Scirpoides holoschoenus",0.457,0.9733,0.2568,0.3648,0.177,8,7.5,6,7,6,0.3935,-1.0162,0.7994,0.5655
"Scirpus radicans",0.4392,1.4705,0.1309,0.1635,0.1822,7,9,6,7,5,0.3671,-1.1088,1.8291,-0.0637
"Scirpus sylvaticus",0.542,0.9491,0.1817,0.6235,0.1203,6,8,5,5,5,0.1462,-0.6348,0.9859,-0.9584
"Scleranthus annuus",0.8062,1.8092,0.1582,0.3275,0.7668,7,5,4,4,5,1.0262,2.6776,-0.1331,-2.296
"Scleranthus perennis",0.4265,1.3469,0.3362,0.3626,0.299,8,2,2,4,5,0.5391,-0.1685,-1.9953,-1.8167
"Scleranthus polycarpos",0.4545,2.058,0.3671,0.4906,0.3995,9,3,2,4,6,1.5544,0.031,-1.8903,-1.5217
"Sclerochloa dura",0.8428,2.574,0.1266,1.2796,0.5443,9,4,6,8,7,2.5131,2.0661,0.8834,0.8714
"Scorzonera cana",0.4751,1.7085,0.4631,0.3545,0.2439,8,4,4,8,7,0.7486,-0.7382,-1.1721,1.3286
"Scorzonera humilis",0.5094,0.6154,0.2286,0.4357,0.1828,7,7,3,5,5,-0.0509,-0.6611,-0.0889,-1.1897
"Scorzonera laciniata",0.6798,1.8491,0.2758,0.6809,0.3565,8,4,4,8,8,1.0909,0.7386,-0.451,1.409
"Scorzonera parviflora",0.419,1.7686,0.4389,0.4836,0.1789,8,7,4,8,6,1.0771,-1.6127,-0.2255,0.939
"Scorzonera purpurea",0.4975,1.256,0.3368,0.7728,0.137,8,3,3,8,7,0.6129,-0.6864,-1.0873,1.2125
"Scorzoneroides autumnalis",0.5051,1.7761,0.4487,0.9282,0.3411,7,5,5.5,5.5,5,1.4904,-0.2896,-0.4523,-0.611
"Scrophularia nodosa",0.6765,0.1275,0.1888,0.0652,0.128,4,6,7,6,5,-1.6807,0.3812,0.88,-0.1718
"Scrophularia umbrosa",0.4647,0.7136,0.142,0.2779,0.1186,6,9,7,7,6,-0.299,-1.0108,1.9061,0.5973
"Scutellaria galericulata",0.4561,0.6554,0.1545,0.2834,0.1236,6,9,6,6,6,-0.2971,-1.0068,1.4838,0.0077
"Scutellaria hastifolia",0.5498,0.8398,0.1927,0.6167,0.1382,7,8,5,7,7,0.2359,-0.6637,0.9403,0.8151
"Securigera varia",0.5359,0.8022,0.2621,0.5632,0.1728,7,4,4,7,5,-0.0477,-0.3717,-0.3673,-0.0541
"Sedum acre",0.4561,1.2902,0.3064,0.3267,0.3255,8,2,1.5,6,6,0.3897,-0.0718,-1.8614,-0.5876
"Sedum album",0.4586,0.9146,0.3059,0.1346,0.2467,8.5,2,2,8,6,-0.1443,-0.4442,-1.6306,0.5455
"Sedum rupestre",0.4727,0.8286,0.3104,0.2324,0.2262,8,2,2,5,6,-0.1373,-0.1398,-1.9791,-0.8446
"Sedum sexangulare",0.4742,1.223,0.3038,0.4401,0.2441,8,2,3,6,6,0.367,-0.1457,-1.4622,-0.2972
"Sedum spurium",0.4817,1.0135,0.2298,0.2693,0.2416,8,3,4,6,6,0.0754,-0.0732,-0.7784,-0.2457
"Selaginella helvetica",0.5321,0.4583,0.2554,0.198,0.1287,5,5,2,8,5,-1.1509,-0.703,-0.5035,0.184
"Selinum carvifolia",0.4932,1.1176,0.1955,0.8796,0.1817,6,7,4,6,5,0.5719,-0.7246,0.6882,-0.6793
"Selinum dubium",0.533,1.1595,0.2124,0.9208,0.1593,7,8,6,6,7,0.895,-0.5882,1.1219,0.4474
"Sempervivum tectorum",0.4253,0.872,0.2901,0.1761,0.1563,8.5,2,4,5,5,-0.0994,-0.4823,-1.3502,-0.9408
"Senecio doria aggr.",0.5011,0.5895,0.2518,0.4529,0.1157,7,6.6667,5.3333,7,6,-0.1614,-0.8658,0.4803,0.5665
"Senecio leucanthemifolius",0.5711,1.2018,0.2672,0.3848,0.3793,8,4,6,6,6,0.5438,0.568,-0.1909,-0.0983
"Senecio nemorensis aggr.",0.6641,0.1112,0.1825,0.043,0.1124,5.9,5.225,7.1,5.75,4.65,-1.3899,0.3173,0.6297,-0.3732
"Senecio sarracenicus",0.5758,0.6401,0.1995,0.3415,0.1374,7,7,7,7,6,-0.268,-0.3688,1.1247,0.7004
"Senecio sylvaticus",0.5812,0.5121,0.219,0.1578,0.2774,7,5,7,5,5,-0.4377,0.4278,0.3202,-0.7633
"Senecio viscosus",0.705,0.7091,0.1726,0.4248,0.41,8,3,4,6,6,0.0284,1.386,-0.6375,-0.4389
"Senecio vulgaris",0.729,1.3598,0.2008,0.5791,0.6072,7,5,7.5,6,5,0.8782,1.8408,0.8226,-0.6475
"Serratula tinctoria",0.5505,0.3942,0.2352,0.3106,0.1282,6,6,3,7,6,-0.7748,-0.5699,-0.1991,0.2402
"Seseli annuum",0.4947,1.2937,0.2922,0.7956,0.1352,8,3,2,8,6,0.6225,-0.7643,-1.0524,0.6248
"Seseli hippomarathrum",0.4333,1.3681,0.3336,0.3502,0.1667,9,2,1,9,7,0.3878,-0.9436,-1.8127,1.3894
"Seseli libanotis",0.4931,0.9013,0.2635,0.4385,0.1468,7,3,2.5,8,6,-0.2278,-0.5776,-0.9284,0.6492
"Seseli osseum",0.3917,1.0027,0.3012,0.1182,0.1856,9,2,2,7,7,0.0172,-0.7335,-1.8117,0.5281
"Seseli pallasii",0.4556,1.3262,0.3584,0.4544,0.1643,8,3,3,8,8,0.3979,-0.7165,-1.328,1.5958
"Sesleria caerulea",0.4625,0.4741,0.2415,0.1212,0.1121,7,4,3,9,4,-0.87,-1.082,-0.3512,0.4091
"Setaria pumila",0.8196,1.8225,0.1478,0.5654,0.7161,7,4,7,6,7,1.1526,2.8408,0.5573,-0.1029
"Setaria verticillata",0.8566,2.0236,0.1354,1.1698,0.7,7.5,4,7,6,7,2.002,2.8845,0.7782,-0.0937
"Setaria viridis",0.8122,1.7129,0.1494,0.5779,0.6891,7,4,6.5,6,6,1.0485,2.635,0.5029,-0.532
"Sideritis montana",0.4908,1.3412,0.3511,0.3972,0.2204,9,3,5,7,7,0.642,-0.3202,-0.9491,0.927
"Silaum silaus",0.4933,1.8932,0.2183,1.3107,0.2357,7,7,4,7,6,1.8361,-0.7405,0.8296,0.1292
"Silene baccifera",0.6342,0.3493,0.1914,0.0984,0.1207,6,7,7,7,6,-1.0212,-0.0856,1.0842,0.7217
"Silene conica",0.5525,1.2938,0.2911,0.309,0.4014,9,2,2,5,7,0.6209,0.7045,-1.9854,-0.6619
"Silene coronaria",0.6812,0.0433,0.2077,0.027,0.1106,6,4,5,7,7,-1.5816,0.4499,-0.3265,0.9451
"Silene dichotoma",0.5947,0.8182,0.221,0.2874,0.3912,7,4,6,7,7,-0.075,0.8126,-0.0056,0.7233
"Silene dioica",0.6224,0.2632,0.1748,0.1163,0.14,5,6,7.5,6.5,4,-1.2809,0.0623,1.1917,-0.3069
"Silene flos-cuculi",0.5161,1.3116,0.2096,0.9052,0.2175,7,7,4,5,5,0.9952,-0.5135,0.4775,-1.168
"Silene italica aggr.",0.6501,0.1273,0.2399,0.052,0.1227,7,3,3,8,6,-1.3738,0.1139,-0.9955,0.7937
"Silene latifolia",0.7063,0.8448,0.1651,0.498,0.399,7,4,7,7,6,0.0665,1.3373,0.5773,0.3924
"Silene noctiflora",0.8514,1.752,0.1309,0.4625,0.8047,7,4,6,8,6,0.9844,2.9303,0.6528,0.2016
"Silene nutans",0.5538,0.3826,0.2358,0.2352,0.1521,6.5,3,3,6.5,6,-0.9135,-0.044,-1.0177,0.0028
"Silene otites aggr.",0.4535,1.1623,0.3394,0.3775,0.2211,9,2,2,7,7,0.4172,-0.4689,-1.8845,0.5371
"Silene viscaria",0.5755,0.4044,0.2174,0.3162,0.2032,7,3,3,4,6,-0.5875,0.425,-1.2693,-1.2481
"Silene viscosa",0.5082,1.2576,0.3561,0.6646,0.2153,8,3,3,6,6,0.6535,-0.3262,-1.3752,-0.2009
"Silene vulgaris",0.5597,0.6731,0.2043,0.3548,0.2389,7.1667,4.1667,3.3333,6.6667,4.75,-0.2833,-0.0351,-0.3848,-0.529
"Sinapis arvensis",0.83,1.7848,0.136,0.4814,0.7566,7,5,6,7.5,5,1.0586,2.5359,0.9076,-0.39
"Sisymbrium altissimum",0.7486,1.7025,0.1926,0.8444,0.5492,8,4,6,7,6,1.3897,1.7269,0.3826,0.0946
"Sisymbrium loeselii",0.7909,1.4824,0.1414,0.9159,0.5498,7,4,7,7,6,1.0765,2.0826,0.8608,0.1679
"Sisymbrium officinale",0.77,1.4606,0.1857,0.9156,0.5513,8,4.5,7.5,7,6,1.343,1.8417,0.8604,0.2967
"Sisymbrium orientale",0.7707,1.5018,0.1917,0.5914,0.5518,8,4,6,8,7,0.9267,1.8289,0.3151,0.9837
"Sisymbrium strictissimum",0.6626,0.4734,0.1886,0.346,0.2462,6,6,7,7,7,-0.5753,0.5688,0.8487,0.9854
"Sium latifolium",0.3084,1.0699,0.1183,0.3661,0.0987,7,10,7,7,6,0.4242,-1.8727,2.304,0.5487
"Solanum dulcamara",0.5199,0.454,0.1613,0.1389,0.1266,6.5,8.5,8,6,5,-0.556,-0.652,1.781,-0.0971
"Solanum nigrum",0.7997,1.2986,0.1735,0.6519,0.6718,7,5,8,7,6,0.9086,2.348,1.0779,0.2066
"Soldanella montana",0.5887,0.1592,0.1979,0.0322,0.0942,5,6,3,2,4,-1.3991,-0.0319,-0.5713,-2.9361
"Solidago canadensis",0.6558,0.8568,0.1701,0.5867,0.2397,7.5,5,6,6,6,0.1879,0.5556,0.4567,-0.0315
"Solidago gigantea",0.6048,0.5623,0.176,0.2993,0.1646,7.5,6,7,6,6,-0.3007,0.0781,0.7959,0.1927
"Solidago virgaurea",0.6338,0.1225,0.2046,0.0451,0.117,5.5,5,3.8333,4.0833,4.3333,-1.4344,0.186,-0.4456,-1.7008
"Sonchus arvensis",0.718,1.5442,0.1705,0.3847,0.6094,7,5.25,6.5,7,5,0.7534,1.6747,0.865,-0.3611
"Sonchus asper",0.7393,1.399,0.1923,0.576,0.5949,7,5.5,7,7,5.5,0.8656,1.7043,0.9406,-0.0371
"Sonchus oleraceus",0.7548,1.2869,0.1828,0.6132,0.5677,7,4.5,8,7.5,6,0.716,1.8876,0.9993,0.5657
"Sorbus aria aggr.",0.676,0.05,0.2004,0.0114,0.1021,6,3.5833,3,7.4167,5.5833,-1.6882,0.2235,-0.7084,0.3143
"Sorbus aucuparia",0.6981,0.0665,0.1949,0.009,0.1309,6,5,4,4,4.3333,-1.4563,0.4984,-0.4452,-1.7219
"Sorbus domestica",0.6953,0.0198,0.2188,0.0032,0.1,4,4,4,8,7.5,-2.0948,0.4485,-0.4225,1.4865
"Sorbus torminalis",0.6951,0.0122,0.2019,0.0039,0.1005,4,4,4,7,7,-2.0765,0.5358,-0.4384,0.7908
"Sparganium emersum",0.2518,1.6442,0.0178,0.0345,0.0462,7,10,7,6,6,0.4167,-1.983,2.6117,-0.0437
"Sparganium erectum aggr.",0.2769,1.446,0.0921,0.2403,0.0739,7,10,7,7,6,0.524,-2.0284,2.4506,0.5101
"Spergula arvensis",0.8517,2.025,0.1344,0.3379,0.8206,6,5,6,4,5,1.0362,3.1995,0.5261,-2.1522
"Spergula morisonii",0.4328,1.2909,0.24,0.1195,0.3895,9,2.5,2,3,5.5,0.5754,0.2926,-1.8105,-2.2887
"Spergula pentandra",0.4052,1.5997,0.3429,0.378,0.3381,9,2,2,4,6,1.0111,-0.142,-2.1157,-1.4537
"Spergularia marina",0.5094,2.0218,0.3456,0.1062,0.2306,7.5,7,5,8.5,6,0.669,-0.9017,0.3887,1.1191
"Spergularia media",0.5037,2.2717,0.3083,0.0236,0.2108,7.5,7,5,7.5,6,0.7408,-0.8246,0.4389,0.6025
"Spergularia rubra",0.73,1.7906,0.2225,0.4022,0.5407,7.5,5,4,3.5,5,1.0065,1.6617,-0.4149,-2.205
"Spiraea salicifolia",0.6053,0.2398,0.1865,0.07,0.1273,7,8,5,5,6,-0.7973,-0.2743,0.5253,-0.4813
"Spirodela polyrhiza",0.2605,1.6361,0.0342,0.1018,0.0473,7,11,6.5,6,6,0.5414,-2.1411,2.6728,-0.0919
"Stachys annua",0.8232,1.7662,0.1452,0.5658,0.753,7,3,5,8,6,0.9917,2.7264,0.1687,0.148
"Stachys germanica",0.5942,0.6475,0.2757,0.3831,0.1857,7,3,5,7,7,-0.4225,0.2407,-0.6728,0.9094
"Stachys officinalis",0.5673,0.4142,0.2232,0.3478,0.1633,6.5,4,3.5,7,6,-0.7126,-0.1096,-0.5196,0.2719
"Stachys palustris",0.5793,0.9272,0.1435,0.3762,0.3355,7,7,6.5,7,5,0.1941,0.1676,1.3435,-0.0773
"Stachys recta",0.5021,0.727,0.3062,0.3352,0.1536,7,3,3,8,6,-0.4355,-0.5473,-1.0427,0.7714
"Stachys sylvatica",0.675,0.1466,0.183,0.0564,0.1137,4,7,7,7,5,-1.6658,0.1086,1.2629,0.3033
"Stellaria alsine",0.4809,1.0354,0.2713,0.3733,0.1546,5,8,4,4,5,-0.1182,-0.8155,0.2746,-1.527
"Stellaria graminea",0.5298,1.4286,0.1896,0.9672,0.3408,6,5,4,4.5,5,0.9778,0.2814,0.1094,-1.5789
"Stellaria holostea",0.6788,0.0687,0.1957,0.0309,0.1115,5,5,5,6,6,-1.6724,0.3943,-0.0222,0.0279
"Stellaria longifolia",0.673,0.1513,0.186,0.0519,0.1343,4,7,3,3,4,-1.5847,0.253,-0.1301,-2.5285
"Stellaria media",0.7094,0.8058,0.2658,0.4396,0.5142,6,5,8,6,5,0.0749,1.5068,0.6229,-0.3816
"Stellaria nemorum",0.6262,0.2061,0.1737,0.0572,0.1071,4,7,7,5,5,-1.5248,0.0979,1.076,-0.6603
"Stellaria pallida",0.5383,0.7826,0.2443,0.1995,0.3301,7,4,6,6,6,-0.1902,0.4095,-0.1496,-0.0654
"Stellaria palustris",0.4031,1.3727,0.2052,0.5477,0.1448,6,9,4,6,5,0.5435,-1.465,1.0911,-0.6753
"Stipa borysthenica aggr.",0.4162,1.2811,0.2459,0.4107,0.3326,9,2,2,5,7,0.751,0.019,-1.7315,-0.6631
"Stipa capillata",0.4808,1.5628,0.3896,0.543,0.1896,9,2,2,8,7,0.7904,-0.6436,-1.848,1.0839
"Stipa dasyphylla",0.4856,2.0628,0.4133,0.8881,0.1584,9,2,2,7,7,1.5083,-0.6917,-1.8784,0.6418
"Stipa eriocaulis",0.4444,1.2144,0.3692,0.2633,0.2081,9,1.5,2,8.3333,7.5,0.2564,-0.6027,-2.0154,1.4167
"Stipa pennata",0.4723,1.2689,0.3559,0.517,0.157,8,2,2,7,7,0.3455,-0.5595,-1.8284,0.6085
"Stipa pulcherrima",0.4399,1.3417,0.3692,0.3593,0.1733,9,1.5,1.5,7.5,6.5,0.4179,-0.7477,-2.1015,0.5839
"Stipa tirsa",0.4887,2.0156,0.3696,0.9941,0.1372,8,3,3,7,7,1.427,-0.7139,-1.1453,0.7236
"Stipa zalesskii",0.4742,1.6053,0.4386,0.7535,0.1816,8.5,2,2,8,7,0.97,-0.7624,-1.9447,1.1414
"Succisa pratensis",0.4329,1.1672,0.2406,0.7118,0.1768,7,7,2.5,5,5,0.695,-1.0735,-0.0619,-1.2846
"Symphyotrichum novi-belgii aggr.",0.5952,0.6794,0.1844,0.3132,0.1751,6.5,6.5,8.5,7.5,6,-0.3691,-0.0345,1.5111,1.0642
"Symphytum officinale",0.5301,0.8447,0.1636,0.5182,0.2146,7,7.1667,7.8333,7,6,0.2302,-0.2859,1.596,0.6551
"Symphytum tuberosum aggr.",0.6887,0.0503,0.1928,0.018,0.105,4,5,5.6667,7,5.6667,-1.9423,0.3863,0.3531,0.4422
"Syringa vulgaris",0.6221,0.2317,0.2179,0.0745,0.1541,7,4,6,7,7,-1.0615,0.3083,-0.1308,1.0307
"Takhtajaniantha austriaca",0.4443,1.0102,0.3665,0.2769,0.1792,8,3,2,8,7,-0.0035,-0.8376,-1.6245,1.0761
"Tanacetum corymbosum",0.6394,0.1409,0.2213,0.1034,0.1105,6,4,4,7,7,-1.4005,0.1955,-0.5724,0.8188
"Tanacetum vulgare",0.6229,1.1519,0.1726,0.6987,0.3021,7,5,6,7,6,0.4995,0.4996,0.6842,0.3399
"Taraxacum besarabicum",0.4472,2.1789,0.5475,0.6008,0.2218,9,6,5,8,7,1.7187,-1.3504,-0.7041,1.5541
"Taraxacum sect. Erythrosperma",0.4594,1.1642,0.3172,0.3369,0.2645,8,3,3,7,6,0.2919,-0.3965,-1.1989,0.1649
"Taraxacum sect. Palustria",0.4113,1.5132,0.2546,0.6109,0.1298,8,8,2.5,8,5,0.9467,-1.7933,0.4696,0.1863
"Taraxacum sect. Taraxacum",0.5859,1.0915,0.267,0.7378,0.375,7,5,7.5,7,5,0.6956,0.4096,0.748,0.1608
"Taraxacum serotinum",0.5007,1.8608,0.4082,0.8089,0.182,9,3,3,8,8,1.3547,-0.6541,-1.4078,1.6263
"Taxus baccata",0.6722,0.0341,0.1908,0.005,0.1061,4,5,5,7,5,-1.9664,0.2419,0.2529,0.0815
"Teesdalia nudicaulis",0.4861,1.5685,0.2566,0.2654,0.4567,8,3,2,2,6,0.8383,0.7639,-1.7996,-2.6442
"Tephroseris crispa",0.4803,0.9772,0.166,0.5384,0.1219,6,8,5,4,5,0.1594,-0.7546,0.9213,-1.4667
"Tephroseris integrifolia",0.4201,1.1361,0.269,0.2947,0.1249,7,4.25,3,7.75,6,-0.089,-1.0607,-0.5491,0.5879
"Teucrium botrys",0.5247,1.2423,0.3027,0.2697,0.3144,9,2,3,8,6,0.3706,0.0261,-1.3376,0.5928
"Teucrium chamaedrys",0.5533,0.4642,0.2907,0.2577,0.1374,7,3,3,8,7,-0.7723,-0.2722,-1.1415,1.2021
"Teucrium montanum",0.4818,0.7345,0.3164,0.2505,0.1577,9,1,2,9,7,-0.2654,-0.5262,-1.8849,1.567
"Teucrium scordium",0.4026,1.0459,0.2863,0.4583,0.1214,7,8,6,7,7,0.376,-1.3937,0.8353,1.0329
"Thalictrum aquilegiifolium",0.6221,0.1811,0.1868,0.0502,0.1025,5,7.5,7,6.5,4,-1.3691,-0.2883,1.3434,-0.3175
"Thalictrum flavum",0.4884,1.0672,0.1809,0.6656,0.1337,7,8,5.5,8,6,0.4646,-1.0628,1.3846,0.9124
"Thalictrum foetidum",0.4723,0.6766,0.3004,0.2685,0.1495,7,2,3,9,6,-0.6181,-0.6226,-1.1473,1.245
"Thalictrum lucidum",0.5391,0.9664,0.1785,0.7831,0.1752,7,8,4.5,7,6,0.5481,-0.7019,1.0264,0.2789
"Thalictrum minus",0.515,0.7279,0.2948,0.4135,0.1796,6,3,3,8,7,-0.5223,-0.2891,-1.0036,1.1178
"Thalictrum simplex",0.545,0.9115,0.2288,0.6376,0.1631,7.5,6.5,3,7.5,6,0.3076,-0.7201,0.0955,0.4172
"Thelypteris limbosperma",0.6448,0.0958,0.1986,0.0196,0.1041,4,6,4,3,4,-1.7133,0.2323,-0.1795,-2.3467
"Thelypteris palustris",0.4642,0.4986,0.1324,0.155,0.112,5.5,8.5,5.5,5,6,-0.6883,-0.7922,1.1773,-0.538
"Thesium alpinum",0.4149,0.7309,0.2591,0.1288,0.1089,7,4,2,6,4,-0.5597,-1.0821,-0.9757,-1.1419
"Thesium dollineri",0.4772,1.7063,0.339,0.5445,0.1889,7,3,3,8,7,0.5523,-0.5721,-1.0249,1.101
"Thesium linophyllon",0.4993,0.7844,0.2778,0.4739,0.1307,7,3,2.5,8,6.5,-0.2862,-0.5815,-1.0365,0.8964
"Thesium pyrenaicum",0.4554,1.4644,0.2662,0.5881,0.1533,7,4,2,4,5,0.5432,-0.5956,-1.0919,-1.7678
"Thesium ramosum",0.4654,1.8183,0.3761,0.5952,0.1802,7,3,3,8,7,0.6993,-0.7088,-1.1358,1.1459
"Thlaspi arvense",0.8587,1.9324,0.1258,0.4275,0.8231,6.5,5,6.5,7,5,1.0802,2.9534,1.031,-0.6638
"Thymelaea passerina",0.5717,1.8843,0.3337,0.5538,0.3624,7,4,5,8,7,0.9216,0.2636,-0.3043,1.1573
"Thymus odoratissimus aggr.",0.4776,1.3543,0.3291,0.5802,0.1717,7.75,3,3,7.5,6.75,0.4916,-0.6035,-1.1205,0.8099
"Thymus praecox",0.4414,1.1463,0.3278,0.3541,0.1858,8,2.25,1.5,6.75,6,0.1478,-0.6563,-1.7904,-0.0437
"Thymus pulcherrimus",0.3845,0.8214,0.2596,0.0428,0.1277,8,5,3,7,3,-0.2958,-1.4551,-0.362,-0.965
"Thymus pulegioides",0.4836,1.2185,0.2774,0.656,0.2166,7,4,3,6,6,0.4766,-0.3898,-0.7693,-0.3223
"Thymus serpyllum",0.4718,0.8582,0.3065,0.3546,0.2106,7,2,2,4,6,-0.1706,-0.0456,-1.9853,-1.3235
"Tilia cordata",0.6986,0.0355,0.1917,0.0076,0.109,4.5,5,5,6,5.5,-1.8492,0.4652,0.0478,-0.1787
"Tilia platyphyllos",0.696,0.0512,0.1612,0.0042,0.1026,4,5,7,7,6,-1.9549,0.5556,0.7685,0.7139
"Torilis arvensis",0.6947,0.4752,0.2123,0.2819,0.26,7,4,6,7,7,-0.5949,0.8815,-0.0398,0.9029
"Torilis japonica",0.6548,0.3219,0.1929,0.2139,0.1906,6,5,8,7,6,-0.9455,0.511,0.8679,0.7917
"Tragopogon dubius",0.6038,1.1124,0.268,0.6123,0.2716,8,4,5,7,7,0.5167,0.3082,-0.3373,0.7859
"Tragopogon pratensis",0.51,1.777,0.1735,1.2694,0.3124,7,4.9,6,7,5.2,1.6762,-0.0447,1.023,-0.0539
"Traunsteinera globosa",0.4262,1.6166,0.2609,0.4433,0.1466,7,5,3,8,4,0.4486,-1.2643,-0.0254,-0.1718
"Trifolium alpestre",0.5539,0.4414,0.2526,0.3288,0.1451,7,3,3,7,6,-0.688,-0.1714,-1.015,0.2728
"Trifolium arvense",0.5375,1.3244,0.3022,0.5926,0.3508,8,3,2,4,5,0.792,0.3217,-1.6006,-1.8969
"Trifolium aureum",0.5385,1.0281,0.2436,0.7098,0.2886,7,4,4,4,4,0.5061,0.1865,-0.5185,-2.0441
"Trifolium campestre",0.5799,1.0711,0.2952,0.5574,0.3095,8,4,4,6,6,0.5217,0.2493,-0.7516,-0.231
"Trifolium dubium",0.5097,1.9796,0.2838,1.1694,0.37,6,4.5,4.5,6,6,1.6088,0.1267,-0.0065,-0.3586
"Trifolium fragiferum",0.5227,1.6802,0.5326,0.6139,0.1808,8,7,7,8,6,1.1513,-1.1762,0.1148,1.464
"Trifolium hybridum",0.5816,1.6398,0.2239,0.7869,0.3065,7,6,7,7,6,1.0762,0.1585,1.0709,0.4784
"Trifolium medium",0.5639,0.5422,0.2071,0.455,0.2078,7,4,4,6,6,-0.3077,0.1109,-0.4405,-0.2067
"Trifolium montanum",0.5008,1.1581,0.2658,0.8171,0.1653,7.5,3,2.5,8,6,0.4881,-0.5624,-0.8188,0.6261
"Trifolium ochroleucon",0.5547,0.5376,0.2703,0.4226,0.1696,7,4,3,8,6,-0.4461,-0.3745,-0.6902,0.7289
"Trifolium pratense",0.516,1.3749,0.2618,0.8949,0.3226,7,5,6,7,5,1.0332,-0.1137,0.5271,-0.0122
"Trifolium repens",0.5322,1.7372,0.3937,0.9428,0.3505,7.5,5,6,6,5,1.5372,-0.1148,-0.0893,-0.3708
"Trifolium retusum",0.5924,2.2521,0.4156,0.3916,0.3459,8,3,3,7,7,1.1105,0.2601,-1.5173,0.5423
"Trifolium rubens",0.5802,0.366,0.2457,0.3263,0.114,7,3,3,8,6,-0.845,-0.2345,-0.8797,0.7829
"Trifolium spadiceum",0.4647,1.4284,0.1868,0.7607,0.2037,7,7,3,3,4,0.9751,-0.6495,0.1568,-2.6786
"Trifolium striatum",0.5436,1.806,0.3512,0.6655,0.3348,8,3,3,4,7,1.2207,0.4091,-1.6154,-0.9172
"Triglochin palustris",0.3824,1.928,0.3838,0.6481,0.1157,8,9,2,7,5,1.4162,-2.2317,0.0299,-0.2193
"Trinia glauca",0.4708,1.0901,0.3719,0.3387,0.1922,9,2,2,8,8,0.256,-0.546,-1.9972,1.4937
"Tripleurospermum maritimum aggr.",0.7943,1.8113,0.1594,0.4595,0.6463,7,5,6.5,6,6,1.0095,2.2971,0.6885,-0.489
"Tripolium pannonicum",0.4907,2.0586,0.3329,0.0641,0.2157,7.5,5,6.5,7,7,0.5925,-0.4192,0.0699,1.0112
"Trisetum flavescens",0.5065,1.5801,0.1688,1.2625,0.3469,7,5,5,6,5,1.6042,0.0643,0.6765,-0.7678
"Trollius europaeus",0.4961,0.7514,0.2018,0.4327,0.1561,7,7,5,6,4,-6e-04,-0.8143,0.7369,-0.8775
"Turritis glabra",0.5605,0.5198,0.251,0.3375,0.1772,6,3,5,7,6,-0.7544,0.1007,-0.4568,0.4709
"Tussilago farfara",0.6341,0.8367,0.1959,0.402,0.3205,8,6,6,7.5,5,0.2188,0.2835,0.7615,0.215
"Typha angustifolia",0.2765,1.6055,0.1057,0.4547,0.1245,8,10,7,7,6,1.147,-1.9834,2.4182,0.4775
"Typha latifolia",0.2872,1.5216,0.113,0.4471,0.1242,8,10,8,7,6,1.091,-1.8947,2.6103,0.6235
"Ulmus glabra",0.6993,0.0519,0.1759,0.0048,0.1047,4,6,7,7,5,-1.891,0.3396,1.0229,0.3211
"Ulmus laevis",0.698,0.0886,0.1979,0.0123,0.1125,4,7.5,7,7,6,-1.7344,0.1856,1.2084,0.7318
"Ulmus minor",0.6855,0.0913,0.2044,0.0254,0.1124,4.75,5.5,7,7.75,6.5,-1.7014,0.3279,0.7323,1.3176
"Urtica dioica",0.6066,0.4421,0.1853,0.2474,0.1818,5,6,9,7,5,-0.9195,0.1865,1.558,0.4777
"Vaccinium myrtillus",0.6124,0.152,0.2081,0.0212,0.1258,5,5,3,2,5,-1.45,0.3501,-0.9411,-2.5455
"Vaccinium oxycoccos",0.3124,0.5616,0.1338,0.142,0.1546,7,9,1,2,4.5,-0.1096,-1.501,-0.0947,-3.1982
"Vaccinium uliginosum",0.393,0.535,0.2004,0.0237,0.104,6,8,2.5,1,4,-0.5933,-1.0738,-0.309,-3.5387
"Vaccinium vitis-idaea",0.5578,0.2185,0.2107,0.0149,0.126,5,4.5,1.5,2,4,-1.4209,0.0376,-1.3234,-3.1516
"Valeriana dioica",0.4482,0.8783,0.1714,0.5255,0.1152,7,8,2.5,5.6667,5,0.2073,-1.2544,0.4325,-0.9675
"Valeriana officinalis aggr.",0.5789,0.4308,0.1777,0.2601,0.1379,6.4,7.4,6.8,6.4,5,-0.5969,-0.3606,1.2397,-0.0372
"Valeriana stolonifera",0.5419,0.493,0.2307,0.3131,0.1245,7,4,4,7,7,-0.6073,-0.2556,-0.5256,0.7902
"Valerianella carinata",0.618,1.1747,0.2937,0.446,0.423,7,4,5,8,7,0.343,0.7095,-0.3179,1.1002
"Valerianella dentata",0.7739,1.4403,0.1855,0.4371,0.6802,7,4,6,7,6,0.7068,2.2933,0.2844,-0.0577
"Valerianella locusta",0.627,1.3552,0.2315,0.577,0.4964,7,4,6,7,6,0.7205,1.106,0.1876,0.1843
"Veratrum album",0.5376,0.2719,0.1961,0.0983,0.1078,7,6.5,6,5,4,-0.7914,-0.5076,0.5776,-1.1328
"Veratrum nigrum",0.6601,0.1138,0.199,0.0738,0.1092,6,4,5,7,6,-1.4729,0.2939,-0.1778,0.5239
"Verbascum blattaria",0.6656,1.0846,0.2318,0.5202,0.3438,8,5,6,7,7,0.4985,0.7388,0.2244,0.7971
"Verbascum chaixii",0.5625,0.3955,0.2498,0.2486,0.1359,7,3,5,7,6,-0.7966,-0.0419,-0.5537,0.5414
"Verbascum densiflorum",0.6156,0.8904,0.2273,0.463,0.261,8,4,6,7,6,0.1678,0.3889,0.0667,0.4904
"Verbascum lychnitis",0.5241,0.9371,0.2844,0.4492,0.194,7,3,5,7,6,-0.075,-0.1227,-0.5393,0.4737
"Verbascum nigrum",0.5914,0.4818,0.218,0.352,0.1942,7,5,6,6,5,-0.4139,0.0743,0.2663,-0.321
"Verbascum phlomoides",0.6084,0.9576,0.2549,0.5873,0.2623,8,4,6,7,6,0.3723,0.3079,0.0042,0.5175
"Verbascum phoeniceum",0.5328,0.8048,0.344,0.5429,0.1811,8,3,3,7,7,0.1105,-0.3028,-1.3997,0.7359
"Verbascum speciosum",0.5631,0.7107,0.2692,0.3717,0.2272,8,3,5,7,8,-0.1005,0.2612,-0.7785,1.2655
"Verbascum thapsus",0.637,0.8728,0.205,0.4398,0.2621,8,4,6.5,7,6,0.1098,0.5426,0.2615,0.5315
"Verbena officinalis",0.6721,1.1674,0.2609,0.7379,0.3638,8.5,5,7,7,6,0.9413,0.7105,0.4724,0.5412
"Veronica agrestis",0.8133,1.4798,0.1517,0.4485,0.7608,6,5,7,6,6,0.7166,2.7884,0.8181,-0.5514
"Veronica anagallis-aquatica",0.4505,1.3544,0.166,0.1801,0.1759,7.5,9,6,6,6,0.4403,-0.9864,1.4341,-0.0643
"Veronica anagalloides",0.5783,1.6962,0.2348,0.1992,0.2684,7.5,9,6.5,7,6.5,0.698,-0.3595,1.3799,0.6539
"Veronica arvensis",0.6487,1.7076,0.2165,0.5694,0.548,7,5,6,6,6,1.0883,1.3098,0.4027,-0.3921
"Veronica austriaca",0.5122,0.8227,0.2831,0.521,0.144,7.5,3,3.5,7.5,6.5,-0.0669,-0.428,-0.8939,0.7887
"Veronica beccabunga",0.4495,0.9347,0.1761,0.2178,0.1356,6.5,9.5,6.5,7,5,-0.0488,-1.2735,1.8397,0.1382
"Veronica catenata",0.4127,1.7038,0.2077,0.2023,0.1543,8,9,7,7,7,0.8178,-1.2701,1.5992,0.9923
"Veronica chamaedrys aggr.",0.5688,0.4992,0.1886,0.4164,0.2493,6,4.375,5.875,7,5.25,-0.5164,0.2243,0.3929,0.121
"Veronica dillenii",0.5101,1.3096,0.2775,0.3352,0.4463,8,2,2,4,7,0.591,0.82,-1.9797,-1.2278
"Veronica filiformis",0.5358,0.9317,0.2488,0.6098,0.3208,7,5,7,5.5,6,0.4591,0.2914,0.3884,-0.1702
"Veronica hederifolia aggr.",0.7806,0.5442,0.1623,0.2673,0.5435,6.25,4.875,6.875,6.875,6,-0.3652,1.9922,0.6335,0.1682
"Veronica longifolia",0.5661,0.8639,0.1885,0.5734,0.1536,7,8,6,7,6,0.2173,-0.5652,1.2658,0.5188
"Veronica montana",0.6744,0.0787,0.187,0.0249,0.1055,3,6,6,6,5,-2.0056,0.3139,0.6899,-0.292
"Veronica officinalis",0.6186,0.1952,0.2312,0.122,0.171,5.5,4,4,3.5,5,-1.2377,0.477,-0.8409,-1.7164
"Veronica orchidea",0.4935,1.2647,0.3169,0.7464,0.1444,8,3,3,8,7,0.5955,-0.6497,-1.0133,1.1783
"Veronica peregrina",0.6662,1.6471,0.2333,0.2959,0.3976,8,7.5,6.5,7.5,7,0.8525,0.5233,1.0073,0.9833
"Veronica persica",0.8416,1.8547,0.1418,0.4856,0.8017,6.5,5,7,7,6,1.1027,2.8971,1.0154,-0.1493
"Veronica polita",0.8463,1.7977,0.1444,0.492,0.8094,7,4,7,7,6,1.1142,3.0488,0.7324,-0.1357
"Veronica praecox",0.5249,1.5395,0.318,0.3464,0.3373,9,2,2,8,7,0.6834,0.0721,-1.6517,0.8396
"Veronica prostrata",0.4965,1.6369,0.3416,0.7728,0.1737,8.5,2,2,8,7,0.9416,-0.5461,-1.5481,1.0342
"Veronica scutellata",0.3826,1.4398,0.1974,0.3271,0.1448,8,9,5,4,5,0.8405,-1.3703,0.9495,-1.4789
"Veronica serpyllifolia",0.5318,1.2907,0.3645,0.808,0.3661,6,5,5,5,5,0.8096,0.1123,-0.3652,-1.0202
"Veronica spicata",0.4953,0.9547,0.3139,0.515,0.1724,7,3,2,7,6,-0.0303,-0.5129,-1.3488,0.1415
"Veronica triphyllos",0.7981,1.7845,0.1668,0.3193,0.7422,6.5,4,4.5,5,7,0.8044,2.8051,-0.2905,-0.9163
"Veronica verna",0.5218,1.6056,0.3302,0.4927,0.3634,8,2,2,4,7,0.863,0.5367,-2.0867,-1.089
"Viburnum lantana",0.6785,0.0642,0.2008,0.0152,0.0984,7,4,5,7,7,-1.3974,0.367,-0.356,0.9654
"Viburnum opulus",0.6838,0.0873,0.1938,0.0086,0.1058,6,6,6,7,5,-1.4556,0.0981,0.6015,0.2416
"Vicia cassubica",0.6583,0.1219,0.2005,0.0851,0.1396,6,4,4,7,6,-1.4281,0.3133,-0.424,0.3622
"Vicia cracca",0.5361,1.1611,0.1826,0.8327,0.2924,7,5.5,5,6,4.5,0.7699,-0.0452,0.5816,-0.8623
"Vicia dumetorum",0.6662,0.0972,0.188,0.0604,0.1119,6,5,5,7,6,-1.4417,0.2059,0.0896,0.5045
"Vicia hirsuta",0.6922,1.3249,0.1676,0.493,0.5648,7,4,4.5,5,6,0.6468,1.781,-0.2204,-1.0961
"Vicia lathyroides",0.4698,1.1019,0.3057,0.4263,0.3282,8,3,3,5,7,0.4927,0.1011,-1.4794,-0.456
"Vicia lutea",0.6754,1.1807,0.219,0.5302,0.4273,7,4,5,7,7,0.392,1.1607,-0.1317,0.5423
"Vicia pannonica",0.7157,1.4215,0.2,0.6092,0.5048,7,4,6,7,7,0.7184,1.609,0.2291,0.5519
"Vicia pisiformis",0.6821,0.0512,0.197,0.0331,0.1103,6.5,3.5,3.5,8,6,-1.5717,0.262,-0.5816,0.8198
"Vicia sativa",0.6533,1.3249,0.1975,0.6013,0.4959,6,4.5714,5.5714,6.1429,6,0.5433,1.2932,0.3026,-0.3303
"Vicia sepium",0.6113,0.3112,0.1749,0.2579,0.2129,6,5,5.5,6,5,-0.8546,0.3085,0.3151,-0.4607
"Vicia sylvatica",0.6586,0.1088,0.1962,0.043,0.1134,6.5,4.5,5,7.5,5,-1.3953,0.0904,0.0536,0.3547
"Vicia tenuifolia",0.5635,0.5315,0.2464,0.4052,0.1477,7,4,4,8,6,-0.5006,-0.307,-0.3581,0.855
"Vicia tetrasperma",0.6713,1.2211,0.1786,0.5376,0.506,7,4,5,5,6,0.5804,1.5424,-0.1358,-0.9485
"Vicia villosa",0.7353,0.9964,0.1808,0.3894,0.5204,7,3,5,6,6,0.1232,1.9006,-0.3529,-0.4566
"Vincetoxicum hirundinaria",0.5925,0.2463,0.2364,0.1234,0.1238,6,3,3,7,6,-1.3242,0.0242,-0.9898,0.2793
"Viola ambigua",0.4819,1.4617,0.37,0.6347,0.1611,7,3,3,8,7,0.4581,-0.6788,-1.1638,1.1894
"Viola arvensis",0.8163,1.5736,0.1436,0.3993,0.7612,6.5,5,6,6,5,0.7949,2.6641,0.6637,-1.0923
"Viola canina",0.55,0.4895,0.2374,0.2988,0.2223,7,4.8333,2.8333,3.5,5,-0.3664,0.0531,-0.9305,-1.9276
"Viola collina",0.6338,0.1987,0.217,0.1019,0.1327,6,3,3,8,5,-1.4559,0.08,-0.7318,0.3262
"Viola elatior",0.6405,0.3142,0.2024,0.2656,0.125,7,7,6,7,7,-0.6637,-0.1084,0.6964,1.0275
"Viola hirta",0.5728,0.4,0.2356,0.3008,0.1374,6,3,3,8,5,-1.0223,-0.2072,-0.6997,0.3195
"Viola kitaibeliana",0.583,1.2223,0.3225,0.4421,0.3219,9,2,2,8,8,0.5063,0.3335,-1.7925,1.3006
"Viola mirabilis",0.6915,0.039,0.1954,0.0148,0.1043,4,5,5,8,5.5,-2.0007,0.2474,0.3164,0.7675
"Viola odorata",0.6696,0.1297,0.2043,0.0729,0.1325,5,5,7.5,7,6,-1.5317,0.4333,0.6919,0.8044
"Viola palustris",0.3747,0.8691,0.1627,0.3524,0.1408,5.5,9,3,2.5,5,-0.0145,-1.1855,0.4811,-2.4864
"Viola pumila",0.5528,1.4107,0.2052,1.1488,0.1534,7,7,5,7,7,1.1762,-0.5507,0.9066,0.7824
"Viola reichenbachiana",0.6937,0.0327,0.1952,0.0105,0.1055,3.5,5,6,7,5,-2.0648,0.3993,0.5019,0.2119
"Viola riviniana",0.6179,0.2073,0.233,0.1248,0.1583,4.5,4.5,6,5,6,-1.4171,0.4506,-0.0814,-0.3498
"Viola rupestris",0.5278,0.5407,0.2747,0.2421,0.1558,7,3,2,8,6,-0.718,-0.4286,-1.223,0.6193
"Viola stagnina",0.4648,1.2618,0.2348,0.8746,0.1381,7,8,4,6,7,0.9258,-1.0659,0.575,0.2204
"Viola suavis",0.6814,0.0788,0.2155,0.0464,0.1142,6,5,6,7,7,-1.4471,0.3609,0.1264,1.0717
"Viola tricolor aggr.",0.5425,1.2,0.2579,0.4515,0.4115,7.5833,4.4167,4.0833,4.6667,5,0.6322,0.4644,-0.5552,-1.4408
"Vitis vinifera",0.6842,0.37,0.2038,0.1104,0.207,7.75,4.5,6,7,7.5,-0.7379,0.6533,-0.0327,1.168
"Vulpia myuros",0.5662,1.2778,0.3178,0.5627,0.3617,9,2,3,4,7,0.8864,0.7391,-1.9041,-0.9234
"Willemetia stipitata",0.3362,1.2475,0.1615,0.5484,0.1522,7,8,4,4,4,0.7129,-1.437,0.8036,-2.0674
"Xanthium orientale",0.6524,1.5134,0.1805,0.2392,0.494,7.6,7,7,7,6.1,0.7298,0.921,1.2108,0.2785
"Xanthium strumarium",0.6532,1.478,0.1721,0.5727,0.421,8,6,7,7,7,0.9982,0.8933,1.014,0.731
"Xeranthemum annuum",0.5596,1.3429,0.3443,0.6436,0.2395,8,2,3,6,8,0.6139,0.2542,-1.7318,0.5731
"Bidens frondosus",0.5663,0.97,0.1638,0.2317,0.2426,7,8.5,8,7,6,0.0838,-0.2158,1.8715,0.6332
"Dianthus carthusianorum",0.4829,1.1356,0.289,0.6085,0.1726,8,3.1429,2.8571,6.8571,5.4286,0.4243,-0.5889,-0.9781,-0.0751
"Oenothera biennis",0.626,1.3118,0.1851,0.5984,0.3386,9,4,4,6,7,0.887,0.7018,-0.4129,0.0146
"Galium pusillum aggr.",0.4207,1.0675,0.2907,0.1838,0.1976,7,4,3,5,5,-0.0872,-0.6511,-1.0076,-1.1667
"Galium album",0.544,0.705,0.1864,0.4971,0.2452,7,4.3,5.55,6.6,6,-0.0612,0.1403,0.2009,0.1931
"Viola tricolor",0.5425,1.2,0.2579,0.4515,0.4115,7.5833,4.4167,4.0833,4.6667,5,0.6322,0.4644,-0.5552,-1.4408
"Erysimum hieraciifolium aggr.",0.6146,0.6362,0.2352,0.3569,0.2304,8,4,4,6,7,-0.156,0.3672,-0.7234,0.2243
"Vicia sect. Cracca",0.5361,1.1611,0.1826,0.8327,0.2924,7,5.5,5,6,4.5,0.7699,-0.0452,0.5816,-0.8623
"Rosa canina",0.6207,0.241,0.2138,0.0937,0.125,7.5,4,4.5,7,5.25,-1.0112,-0.0069,-0.3503,0.1665
"Viola collina x hirta",0.6338,0.1987,0.217,0.1019,0.1327,6,3,3,8,5,-1.4559,0.08,-0.7318,0.3262
"Galeopsis speciosa x pubescens",0.6835,0.3031,0.1715,0.149,0.2312,7,5,6.5,6,5,-0.8133,0.6731,0.4559,-0.3265
"Medicago sativa",0.5652,1.8294,0.1732,1.1549,0.3378,8,4,5,7,6,1.6932,0.3407,0.4075,0.1385
"Asplenium adiantum-nigrum subsp. serpentini",0.6809,0.0452,0.2397,0.0061,0.0984,6,4,2.5,4,6,-1.5618,0.4513,-1.3519,-1.148
"Viola x hirtaeformis",0.5728,0.4,0.2356,0.3008,0.1374,6,3,3,8,5,-1.0223,-0.2072,-0.6997,0.3195
"Mentha x piperita aggr.",0.395,1.0155,0.1931,0.3581,0.1278,7,8,7,8,6,0.2012,-1.3709,1.6247,1.1108
